CustomerID,Age,TransactionAmount,TransactionsPerDay,AvgTimeBetweenTx_Min,OnlinePurchaseRatio,ForeignTransaction,PotentialRiskGroup
746859,56,3234.6,15,1131,0.78,0,Low Risk
956764,36,260.67,11,88,0.33,0,Low Risk
285983,20,91.6,2,344,0.83,0,Low Risk
430537,38,1971.96,22,253,0.43,0,Low Risk
499801,59,145.58,16,190,0.09,0,Low Risk
420139,61,1494.06,3,647,0.17,0,Low Risk
923410,21,5751.59,14,242,0.39,0,Low Risk
391969,19,2355.5,7,509,0.83,0,Low Risk
566164,34,648.92,4,1026,0.43,0,Low Risk
160052,21,458.78,18,730,0.45,0,Low Risk
654214,53,1872.11,15,456,0.57,0,Low Risk
676623,57,3772.65,18,879,0.83,0,Low Risk
277691,62,353.8,15,65,0.02,0,Low Risk
828389,18,493.08,24,1087,0.82,0,Low Risk
644012,52,3172.97,5,231,0.65,1,Low Risk
396519,26,2002.6,34,1057,0.06,0,Low Risk
100895,41,2242.76,22,961,0.38,1,Low Risk
117652,20,2910.79,26,503,0.77,0,Low Risk
896189,26,2530.33,26,892,0.11,0,Low Risk
920441,56,1340.12,32,485,0.25,0,Low Risk
811955,60,503.95,13,1184,0.6,0,Low Risk
818244,45,5359.9,6,796,0.8,0,Low Risk
442129,47,4345.96,28,1255,0.91,0,Medium Risk
949643,44,1164.12,13,1283,0.01,0,Low Risk
243285,26,1376.52,33,1258,0.34,1,Medium Risk
564288,49,1512.91,12,1410,0.71,0,Low Risk
733425,34,670.62,2,642,0.41,0,Low Risk
445026,49,4827.72,19,1154,0.53,0,Low Risk
961255,23,604.29,4,203,0.37,0,Low Risk
841212,55,967.05,34,198,0.4,0,Low Risk
446365,33,3657.29,6,464,0.04,0,Low Risk
888119,53,83.45,3,147,0.35,0,Low Risk
963592,58,2398.43,39,338,0.84,0,Medium Risk
815634,42,519.1,31,1322,0.26,0,Low Risk
682672,43,8103.56,2,897,0.09,1,Medium Risk
475317,54,4334.96,9,1257,0.35,0,Low Risk
974399,20,3930.39,33,628,0.08,0,Low Risk
534769,55,2261.2,35,1136,0.1,0,Low Risk
640753,46,717.93,18,822,0.45,1,Low Risk
433928,53,2540.83,33,398,0.33,0,Low Risk
683469,25,3833.91,17,640,0.57,0,Low Risk
579055,68,2073.03,22,750,0.59,1,Low Risk
352778,68,4502.11,27,27,0.79,0,Low Risk
947334,45,2260.82,33,453,0.23,0,Low Risk
989931,21,99.23,17,1196,0.94,1,Medium Risk
275886,23,974.57,37,280,0.33,0,Low Risk
655482,48,6677.47,33,1140,0.29,0,Medium Risk
385877,40,675.25,3,128,0.37,0,Low Risk
918734,20,1738.22,24,626,0.62,1,Low Risk
708990,19,636.5,2,785,0.85,0,Low Risk
195234,65,1659.59,26,921,0.61,0,Low Risk
775594,24,1442.37,20,321,0.07,0,Low Risk
147362,31,4464.65,23,1167,0.38,0,Low Risk
463878,40,2279.64,25,575,0.98,0,Low Risk
800676,39,626.03,6,1078,0.54,0,Low Risk
411044,25,2989.3,5,1127,0.09,0,Low Risk
467774,69,1109.86,35,823,0.14,0,Low Risk
935947,67,1502.58,30,657,0.4,0,Low Risk
497928,43,101.36,23,1151,0.7,0,Low Risk
948412,18,1218.06,32,1142,0.71,0,Low Risk
631365,18,6246.21,39,704,0.55,0,Medium Risk
602176,20,619.32,16,997,0.12,0,Low Risk
180172,45,144.19,30,958,0.7,0,Low Risk
503951,43,2932.47,21,551,0.35,0,Low Risk
341636,54,1066.67,10,1124,0.05,0,Low Risk
586620,36,1448.88,1,1016,0.66,0,Low Risk
428554,41,5810.94,2,497,0.87,0,Medium Risk
629233,37,1763.56,35,380,0.13,0,Low Risk
284558,60,5726.25,3,1192,0.91,0,Medium Risk
491529,30,533.1,2,1277,0.09,0,Low Risk
330334,34,2182.62,29,970,0.02,0,Low Risk
191176,58,1420.51,11,413,0.04,0,Low Risk
427162,53,440.67,9,920,0.81,1,Medium Risk
918167,65,323.22,39,96,0.34,1,Medium Risk
405160,54,595.18,13,279,0.75,0,Low Risk
384130,34,1578.55,20,729,0.32,1,Low Risk
697210,66,159.94,19,76,0.35,1,Low Risk
924208,48,6065.9,19,1391,0.08,0,Low Risk
427077,29,846.97,21,1175,0.78,0,Low Risk
376314,59,7368.5,14,1247,0.06,0,Low Risk
295229,46,914.38,18,751,0.14,0,Low Risk
967501,61,4082.84,38,1198,0.7,0,Low Risk
830428,67,4499.34,2,29,0.08,1,Low Risk
265238,65,4027.57,22,500,0.24,1,Low Risk
223756,62,2849.8,6,1276,0.08,0,Low Risk
491197,56,1154.07,26,39,0.43,0,Low Risk
669912,67,1314.71,20,476,0.77,0,Low Risk
697007,56,2791.2,13,348,0.96,0,Low Risk
335114,66,223.06,33,934,0.44,0,Low Risk
485569,62,7055.05,21,80,0.53,1,Medium Risk
269015,54,633.35,19,1426,0.17,0,Low Risk
953334,32,1262.26,3,656,0.74,1,Low Risk
911803,27,6057.99,8,358,0.46,0,Low Risk
157288,25,421.89,36,90,0.39,0,Low Risk
971161,45,211.84,36,502,0.03,0,Low Risk
403992,37,1896.54,29,909,0.91,0,Medium Risk
961880,35,1127.9,5,450,0.08,1,Low Risk
139210,62,410.25,33,374,0.81,1,High Risk
702674,66,995.58,26,63,0.39,0,Low Risk
240385,66,3694.38,34,105,0.41,0,Low Risk
329829,65,206.7,28,709,1.0,1,High Risk
376158,40,2980.57,37,714,0.85,0,Medium Risk
530544,31,508.94,1,51,0.27,0,Low Risk
243167,18,2277.66,32,34,0.36,0,Low Risk
512969,43,1428.97,3,1330,0.85,0,Low Risk
616324,22,235.13,17,624,0.48,0,Low Risk
212546,54,1986.8,2,75,0.21,0,Low Risk
347558,51,913.37,34,798,0.55,0,Low Risk
365264,51,906.21,38,984,0.91,0,Medium Risk
608056,59,4016.28,5,797,0.15,1,Low Risk
946871,27,2979.96,20,984,0.05,0,Low Risk
381403,19,847.23,11,111,0.13,0,Low Risk
911818,48,1072.65,16,900,0.18,0,Low Risk
922229,20,4197.99,27,93,0.97,0,Medium Risk
425786,68,133.45,5,604,0.35,0,Low Risk
740148,23,307.11,12,346,0.89,0,Low Risk
249772,43,2394.91,9,794,0.8,0,Low Risk
934050,64,1483.47,17,1050,0.87,0,Low Risk
133261,52,457.96,15,303,0.37,0,Low Risk
770158,43,2903.86,14,1240,0.72,0,Low Risk
259100,68,2548.98,23,750,0.75,0,Low Risk
417085,35,1236.29,35,1039,0.1,0,Low Risk
609322,45,90.55,17,1255,0.09,0,Low Risk
713350,42,4474.16,20,25,0.68,0,Low Risk
496105,62,1356.25,36,111,0.74,0,Low Risk
426346,57,1180.07,19,425,0.34,1,Low Risk
574341,51,610.36,6,1401,0.24,0,Low Risk
511924,23,959.38,4,1374,0.19,0,Low Risk
281951,48,164.52,9,759,0.05,0,Low Risk
965093,54,8127.28,31,6,0.4,1,High Risk
961006,21,60.63,30,504,0.72,0,Low Risk
180546,19,1677.3,8,1050,0.28,0,Low Risk
410622,23,6933.67,4,724,0.51,0,Low Risk
672187,64,2506.74,14,320,0.09,0,Low Risk
674257,53,823.21,3,902,0.34,0,Low Risk
685918,40,1642.23,2,13,0.68,0,Low Risk
667606,54,55.43,9,911,0.47,0,Low Risk
374901,47,275.66,5,318,0.75,0,Low Risk
354626,28,5622.25,12,513,0.74,0,Low Risk
552729,46,351.12,37,270,0.8,0,Low Risk
845704,54,3420.21,14,1434,0.91,0,Low Risk
283470,59,1046.63,8,1319,0.71,1,Low Risk
436779,55,1602.11,15,993,0.23,1,Low Risk
314443,19,1618.56,39,198,0.94,0,Medium Risk
391806,25,2416.5,15,1313,0.53,1,Low Risk
333050,53,12193.28,33,1021,0.25,0,Medium Risk
113950,21,1737.43,10,517,0.88,0,Low Risk
613644,55,1587.82,36,216,0.6,0,Low Risk
620883,25,374.84,4,844,0.77,0,Low Risk
992226,68,2418.0,36,794,0.25,0,Low Risk
905030,28,6442.02,38,1158,0.4,0,Medium Risk
754499,63,1958.77,26,141,0.14,0,Low Risk
511786,50,86.55,12,1004,0.57,0,Low Risk
904056,54,2506.79,28,1402,0.07,0,Low Risk
909815,31,5497.35,22,779,0.45,0,Low Risk
807938,38,411.89,36,1206,0.84,0,Medium Risk
681355,68,1839.43,21,969,0.74,0,Low Risk
897355,43,861.43,25,75,0.92,0,Low Risk
911208,44,2725.02,17,640,0.22,0,Low Risk
722266,68,620.64,25,1204,0.42,1,Low Risk
366654,66,3082.77,22,666,0.01,0,Low Risk
476932,24,7471.54,20,342,0.09,1,Medium Risk
294394,66,762.2,32,1165,0.4,0,Low Risk
222070,36,909.68,30,285,0.62,0,Low Risk
150158,33,1714.09,18,769,0.78,0,Low Risk
775972,19,1579.1,30,947,0.16,0,Low Risk
529653,46,207.01,3,800,0.27,1,Low Risk
371521,51,1100.98,23,55,0.16,0,Low Risk
630299,46,1098.44,3,443,0.51,0,Low Risk
900217,64,1735.35,33,1007,0.72,0,Low Risk
648369,41,2612.19,16,452,0.94,0,Low Risk
905188,31,743.87,18,7,0.63,0,Low Risk
799757,38,103.78,19,1309,0.42,1,Low Risk
140831,64,2010.39,11,746,0.83,0,Low Risk
437767,29,3601.63,37,934,0.77,0,Low Risk
153567,61,545.67,22,1388,0.14,1,Low Risk
506770,63,1323.78,32,721,0.48,0,Low Risk
373891,26,1610.18,25,1383,0.22,0,Low Risk
245006,63,8371.25,29,1133,0.69,0,Medium Risk
227581,23,4963.78,21,42,0.58,0,Low Risk
938976,34,1089.22,38,1402,0.72,0,Low Risk
285293,39,344.42,31,646,0.73,0,Low Risk
428844,62,2237.47,7,906,0.91,0,Low Risk
339324,45,2997.29,2,1020,0.96,0,Low Risk
193010,53,2997.94,29,149,0.84,0,Medium Risk
735198,53,2589.13,39,744,0.57,0,Low Risk
787887,64,6212.01,22,69,0.48,0,Low Risk
576973,64,658.34,35,1268,0.05,0,Low Risk
840444,62,386.06,9,154,0.47,0,Low Risk
525258,57,2655.29,25,61,0.69,0,Low Risk
322142,56,207.94,37,108,0.69,0,Low Risk
188252,51,267.61,37,1068,0.81,1,High Risk
807008,34,6050.98,12,1342,0.96,0,Medium Risk
303116,48,3335.59,23,374,0.64,1,Low Risk
779472,35,1394.44,15,489,0.94,0,Low Risk
697728,27,1824.74,17,981,0.47,0,Low Risk
606825,32,2440.82,9,883,0.92,1,Medium Risk
431757,40,3222.83,31,990,0.05,0,Low Risk
194152,59,2118.72,14,1183,0.36,0,Low Risk
451268,62,210.15,37,1195,0.34,0,Low Risk
905599,61,1749.26,4,1373,0.66,0,Low Risk
405852,50,4392.72,2,311,0.46,1,Low Risk
216147,30,1555.53,32,1063,0.01,0,Low Risk
843145,66,1078.1,16,1263,0.4,0,Low Risk
163133,56,1528.46,1,3,0.47,0,Low Risk
991997,67,752.83,37,432,0.02,1,Medium Risk
124547,26,281.87,24,964,0.22,1,Low Risk
416109,54,237.33,6,807,0.88,1,Medium Risk
234826,28,4731.07,34,1177,0.74,0,Low Risk
926779,25,5770.02,10,1131,0.18,0,Low Risk
478362,66,6355.72,6,54,0.97,1,High Risk
459863,52,1869.0,35,690,0.49,1,Medium Risk
905769,20,3433.83,38,781,0.22,0,Low Risk
444656,26,4556.09,37,1291,0.88,0,Medium Risk
850934,45,1345.11,3,921,0.85,0,Low Risk
936396,32,2179.83,5,1419,0.09,0,Low Risk
504596,32,60.19,5,1200,0.5,0,Low Risk
730863,65,2349.34,5,973,0.85,0,Low Risk
771785,49,1501.67,3,1064,0.68,0,Low Risk
827670,62,2697.84,24,1171,0.87,0,Low Risk
482370,65,2514.49,25,1194,0.11,0,Low Risk
951832,24,4318.0,31,535,0.01,0,Low Risk
148048,47,4837.24,18,356,0.56,0,Low Risk
427988,29,62.81,32,1070,0.33,0,Low Risk
598436,57,651.68,24,365,0.78,0,Low Risk
200424,47,87.2,32,994,0.34,0,Low Risk
101726,47,2852.4,22,1220,0.17,0,Low Risk
583632,21,766.1,17,524,0.07,0,Low Risk
277416,18,169.33,18,306,0.99,0,Low Risk
319655,29,2819.81,35,948,0.76,0,Low Risk
374675,28,3496.48,15,947,0.25,0,Low Risk
543587,51,689.38,29,516,0.43,0,Low Risk
884377,56,1547.42,29,157,0.3,0,Low Risk
663599,64,2331.99,22,849,0.96,0,Low Risk
173829,46,5801.14,16,869,0.64,0,Low Risk
806859,22,8317.54,1,570,0.89,0,Medium Risk
580268,52,113.26,25,792,0.37,1,Low Risk
659417,33,1617.16,25,1333,0.15,0,Low Risk
175844,67,2912.78,3,349,0.13,0,Low Risk
306370,20,460.26,15,1177,0.0,0,Low Risk
448078,61,618.81,9,1017,0.16,0,Low Risk
133582,19,3244.61,11,1088,0.46,0,Low Risk
133009,35,2331.72,18,1390,0.97,0,Low Risk
638153,28,2424.77,33,102,0.91,0,Medium Risk
386778,68,271.71,17,588,0.99,0,Low Risk
997797,33,1366.94,28,673,0.56,0,Low Risk
563422,50,1508.43,33,589,0.08,0,Low Risk
613319,19,7635.49,26,122,0.8,0,Medium Risk
748640,61,270.9,11,317,0.71,0,Low Risk
299657,23,1967.38,31,553,0.71,1,Medium Risk
636922,67,2013.28,20,1342,0.61,0,Low Risk
519701,28,4554.1,4,1414,0.82,0,Low Risk
514839,20,133.22,14,971,0.72,0,Low Risk
522938,29,397.62,19,750,0.34,0,Low Risk
411153,49,1429.09,18,914,0.65,0,Low Risk
212295,58,1409.58,28,755,0.68,0,Low Risk
691706,32,645.96,12,862,0.96,0,Low Risk
603849,41,1158.49,4,732,0.37,1,Low Risk
343007,41,1617.46,32,420,0.03,0,Low Risk
182482,53,4183.81,34,932,0.42,0,Low Risk
777855,68,717.74,12,1261,0.47,0,Low Risk
466550,50,332.13,8,100,0.91,0,Low Risk
772918,61,983.13,2,375,0.41,0,Low Risk
331324,58,617.99,14,504,0.58,0,Low Risk
618464,56,407.11,25,28,0.26,0,Low Risk
261874,18,3019.78,36,301,0.24,0,Low Risk
563697,27,202.68,14,592,0.52,0,Low Risk
945966,47,365.08,5,1300,0.59,1,Low Risk
622845,37,1004.0,37,687,0.66,0,Low Risk
780428,66,2494.18,28,1391,0.87,0,Medium Risk
150640,37,678.74,2,969,0.53,1,Low Risk
956523,46,2093.32,35,198,0.18,0,Low Risk
630662,50,1465.45,14,1036,0.15,1,Low Risk
683775,41,2366.52,34,217,0.64,1,Medium Risk
300083,48,636.66,23,1318,0.14,0,Low Risk
300340,62,359.9,8,1365,0.09,0,Low Risk
944944,49,584.61,22,1199,0.69,0,Low Risk
386701,43,987.76,30,114,0.24,0,Low Risk
816910,64,1740.78,12,987,0.93,0,Low Risk
202042,50,1885.63,31,1077,0.67,0,Low Risk
826429,45,397.01,6,575,0.98,0,Low Risk
433951,65,2842.11,13,1183,0.74,1,Low Risk
968863,55,842.12,38,19,0.81,0,Medium Risk
642913,58,813.09,11,1368,0.3,0,Low Risk
572087,38,834.86,12,711,0.56,0,Low Risk
102102,46,1240.93,32,291,0.23,0,Low Risk
504413,52,418.91,14,842,0.76,0,Low Risk
628107,38,4030.43,2,454,0.91,0,Low Risk
842399,42,1006.7,34,304,0.58,0,Low Risk
995477,32,1052.96,23,1350,0.75,0,Low Risk
140673,60,86.8,23,619,0.01,0,Low Risk
141221,32,608.06,11,51,0.06,1,Low Risk
500144,39,482.73,14,964,0.26,0,Low Risk
903704,44,5357.29,28,291,0.58,0,Medium Risk
102586,47,2568.62,13,644,0.82,0,Low Risk
387696,24,2335.87,10,1063,0.53,0,Low Risk
544282,66,1725.48,36,1108,0.48,0,Low Risk
444473,18,985.24,13,887,0.64,0,Low Risk
429741,45,567.75,9,10,0.17,0,Low Risk
375435,59,4655.63,16,1073,0.24,0,Low Risk
101887,67,2683.22,36,1084,0.67,0,Low Risk
318883,36,2005.58,33,242,0.15,0,Low Risk
131176,61,4022.59,21,662,0.02,0,Low Risk
230968,45,511.81,11,650,0.26,0,Low Risk
643706,42,8860.27,35,263,0.7,0,Medium Risk
484408,56,2628.46,11,999,0.34,0,Low Risk
607540,21,2627.17,32,1191,0.77,0,Low Risk
529635,54,4542.24,3,73,0.32,0,Low Risk
510381,58,1970.25,13,561,0.83,0,Low Risk
377870,61,582.39,21,776,0.88,0,Low Risk
200401,61,834.11,3,342,0.67,1,Low Risk
327311,19,951.8,35,354,0.45,0,Low Risk
687166,39,1702.43,36,453,0.18,0,Low Risk
876631,33,1103.5,30,633,0.82,0,Medium Risk
242522,33,2236.72,20,515,0.93,0,Low Risk
632501,45,7362.02,5,1272,0.54,0,Low Risk
852696,38,245.07,22,978,0.79,1,Low Risk
347974,33,1463.84,34,509,0.04,0,Low Risk
638867,67,886.11,21,770,0.94,0,Low Risk
294007,28,3539.21,23,1220,0.87,0,Low Risk
307149,39,1424.19,22,1340,0.85,0,Low Risk
264557,64,1062.27,38,594,0.63,0,Low Risk
151067,59,4100.77,6,1091,0.79,0,Low Risk
909611,26,828.77,35,578,0.15,0,Low Risk
684773,31,7477.18,10,793,0.48,0,Low Risk
329648,48,1385.2,16,822,0.83,0,Low Risk
866333,52,1067.2,25,1141,0.12,0,Low Risk
560662,21,340.44,4,1197,0.55,1,Low Risk
592406,49,1854.24,31,846,0.88,0,Medium Risk
461387,23,50.67,2,1084,0.36,0,Low Risk
436953,22,3085.19,10,345,0.06,1,Low Risk
384457,48,2425.12,9,983,0.24,0,Low Risk
545824,26,3102.92,7,1104,0.69,0,Low Risk
312891,21,11475.76,17,101,0.62,0,Low Risk
608759,69,2182.62,38,1255,0.72,0,Low Risk
295806,52,966.97,28,982,0.83,0,Medium Risk
657957,39,6688.62,2,405,0.02,0,Low Risk
655403,27,2334.97,39,901,0.22,0,Low Risk
209022,67,2034.72,18,173,0.04,0,Low Risk
679326,66,1637.97,21,308,0.27,0,Low Risk
904183,21,4049.94,18,744,0.81,0,Low Risk
642475,46,1280.32,21,554,0.89,1,Medium Risk
272452,34,2199.94,1,1154,0.44,0,Low Risk
763805,27,5377.65,21,1308,0.64,0,Low Risk
558972,39,2074.89,15,956,0.45,1,Low Risk
699603,22,2724.5,1,87,0.68,0,Low Risk
666377,40,2569.84,24,664,0.04,0,Low Risk
154726,57,921.6,36,436,0.77,0,Low Risk
425570,45,926.52,5,773,0.66,0,Low Risk
520996,27,92.33,32,368,0.97,0,Medium Risk
482377,57,2009.87,2,463,0.21,0,Low Risk
357120,21,3030.06,25,378,0.48,1,Low Risk
767828,27,3256.06,12,770,0.6,0,Low Risk
691987,48,1521.14,32,892,0.16,0,Low Risk
784440,34,5314.5,9,488,0.43,0,Low Risk
622084,42,407.5,30,1196,0.2,1,Medium Risk
237925,38,723.48,32,1246,0.86,0,Medium Risk
311523,58,1620.6,21,1421,0.22,1,Low Risk
254408,63,2657.52,7,663,0.66,0,Low Risk
341724,39,2848.25,25,534,0.54,0,Low Risk
674472,19,332.5,15,436,0.82,0,Low Risk
102450,68,376.63,13,278,0.54,0,Low Risk
868993,20,756.36,19,23,0.69,1,Low Risk
867806,64,4243.39,37,1135,0.16,0,Low Risk
274971,25,616.53,5,515,0.99,0,Low Risk
666077,49,4287.47,34,473,0.56,0,Low Risk
965645,56,1958.91,2,937,0.38,0,Low Risk
674892,53,60.49,26,314,0.04,0,Low Risk
720474,31,2818.96,20,587,0.76,0,Low Risk
394364,23,4235.47,37,698,0.37,0,Low Risk
775059,37,3081.89,35,1178,0.39,0,Low Risk
101332,57,442.94,10,38,0.17,0,Low Risk
801166,62,245.21,7,516,0.51,0,Low Risk
395690,54,1784.92,4,766,0.49,0,Low Risk
374415,36,678.93,19,1343,0.08,0,Low Risk
456934,62,2790.25,38,1141,0.79,0,Low Risk
228744,65,985.09,30,183,0.74,0,Low Risk
773118,69,179.17,28,763,0.77,0,Low Risk
218898,62,431.06,6,1284,0.5,0,Low Risk
585748,32,1104.94,14,124,0.38,0,Low Risk
526672,33,503.64,10,50,0.17,0,Low Risk
457914,47,3613.98,6,563,0.94,0,Low Risk
492298,63,561.18,5,1373,0.46,0,Low Risk
386323,38,1275.67,5,356,0.13,0,Low Risk
372872,56,4735.01,35,641,0.78,0,Low Risk
149711,58,396.11,31,985,0.96,0,Medium Risk
522710,61,141.24,22,1244,0.28,0,Low Risk
216132,31,624.15,16,1424,0.76,0,Low Risk
740147,30,674.33,9,1252,0.03,0,Low Risk
391180,60,349.89,4,690,0.41,0,Low Risk
237575,32,94.13,11,1172,0.13,1,Low Risk
977073,38,157.35,14,1337,0.49,1,Low Risk
646462,22,2173.64,26,984,0.34,0,Low Risk
539682,38,1925.68,33,1202,0.72,0,Low Risk
256493,24,2352.47,33,593,0.98,0,Medium Risk
396264,45,2616.14,39,177,0.54,0,Low Risk
268729,23,3803.57,10,853,0.14,0,Low Risk
221986,19,255.31,16,435,0.65,0,Low Risk
750844,41,3142.65,38,571,0.46,0,Low Risk
426065,66,499.7,7,277,0.16,0,Low Risk
187848,63,2855.72,15,376,0.13,0,Low Risk
742520,69,4139.36,27,1405,0.45,1,Medium Risk
899886,43,1682.8,2,1278,0.34,0,Low Risk
756607,59,1427.56,6,679,0.66,0,Low Risk
370522,67,246.13,5,307,0.2,0,Low Risk
622000,25,726.93,28,1321,0.58,0,Low Risk
521339,26,1058.26,18,554,0.45,0,Low Risk
344269,19,811.82,3,877,0.91,0,Low Risk
574410,57,1464.7,28,1153,0.03,0,Low Risk
740198,49,2174.32,37,260,0.8,1,Medium Risk
243688,36,4331.21,12,814,0.32,1,Low Risk
743809,62,8334.17,21,670,0.63,0,Low Risk
494199,55,7852.41,27,131,0.53,0,Medium Risk
831376,51,520.82,5,227,0.19,1,Low Risk
994107,69,5057.15,6,211,0.76,1,Medium Risk
591336,19,3497.87,9,725,0.25,0,Low Risk
920317,29,866.56,26,1301,0.11,0,Low Risk
902381,50,598.54,34,41,0.74,0,Low Risk
913187,28,2156.21,22,273,0.84,0,Low Risk
501725,32,635.99,33,724,0.74,0,Low Risk
148666,52,2368.81,28,1071,0.17,1,Medium Risk
444975,18,3678.51,23,640,0.64,0,Low Risk
347994,42,535.49,15,1215,0.07,0,Low Risk
752767,63,2897.98,36,460,0.23,0,Low Risk
699570,30,4632.25,33,646,0.67,0,Low Risk
210766,44,1037.8,38,142,0.86,0,Medium Risk
303706,52,1114.65,14,596,0.02,0,Low Risk
964798,31,5053.94,23,662,0.86,0,Medium Risk
881168,68,3547.85,19,284,0.02,1,Low Risk
333891,26,776.97,19,943,0.45,0,Low Risk
772167,53,253.03,30,265,0.01,0,Low Risk
861770,42,3530.63,35,1001,0.3,0,Low Risk
458455,21,183.33,28,514,0.67,0,Low Risk
409109,58,9074.88,16,477,0.84,0,Medium Risk
507123,29,1798.41,21,661,0.06,0,Low Risk
225691,20,1390.33,9,1348,0.87,0,Low Risk
893188,49,1746.2,23,332,0.91,0,Low Risk
373245,32,1892.22,26,820,0.44,0,Low Risk
258852,68,1228.46,29,179,0.24,0,Low Risk
551690,45,583.63,12,579,0.65,1,Low Risk
601551,51,1330.72,1,1111,0.41,1,Low Risk
534534,35,948.37,12,262,0.05,0,Low Risk
532941,59,7168.0,29,753,0.62,0,Medium Risk
971151,65,708.91,13,701,0.01,0,Low Risk
238295,25,124.83,33,602,0.46,0,Low Risk
738711,59,744.83,9,1368,0.09,0,Low Risk
988850,41,1566.86,39,183,0.87,0,Medium Risk
625861,28,141.78,11,1357,0.93,0,Low Risk
428284,57,1145.77,12,584,0.91,0,Low Risk
667117,29,2295.45,33,1325,0.72,1,Medium Risk
831613,22,53.13,27,174,0.05,0,Low Risk
818700,40,132.81,20,850,0.26,0,Low Risk
142132,50,1268.48,18,485,0.12,0,Low Risk
533035,37,4661.61,12,1402,0.32,0,Low Risk
160296,19,2258.69,10,450,0.89,0,Low Risk
498652,31,2071.73,9,1401,0.15,0,Low Risk
578796,23,306.94,2,387,0.53,0,Low Risk
468293,34,2424.12,12,419,0.45,0,Low Risk
842458,32,139.45,21,574,0.56,0,Low Risk
768002,40,3443.52,38,277,0.69,0,Low Risk
561500,52,211.58,9,1054,0.45,0,Low Risk
259905,20,1246.12,15,1065,0.43,0,Low Risk
587276,65,74.77,36,1404,0.69,0,Low Risk
894293,45,1176.1,4,421,0.89,0,Low Risk
268647,37,880.33,10,914,0.64,0,Low Risk
189881,48,3187.75,11,817,0.1,0,Low Risk
156529,25,956.98,12,833,0.11,0,Low Risk
695709,67,1379.47,24,443,0.53,0,Low Risk
739696,43,129.55,27,1258,0.4,0,Low Risk
267277,32,1388.28,37,122,0.12,1,Medium Risk
717264,54,1334.93,6,786,0.83,1,Medium Risk
334541,30,1917.27,17,109,0.97,0,Low Risk
438447,22,384.81,13,674,0.17,0,Low Risk
340173,40,1211.21,34,1133,0.19,0,Low Risk
137889,63,2312.61,21,300,0.83,0,Low Risk
790965,18,1787.23,24,483,0.15,0,Low Risk
177674,53,1077.59,17,1123,0.88,0,Low Risk
237468,41,1988.65,37,999,0.4,0,Low Risk
957693,34,2531.86,19,64,0.59,0,Low Risk
313140,62,1276.7,21,395,0.55,0,Low Risk
275965,37,1307.65,12,883,0.46,1,Low Risk
672657,61,2859.9,6,1023,0.3,0,Low Risk
190000,28,504.36,24,407,0.39,0,Low Risk
755319,68,1772.09,14,82,0.44,0,Low Risk
475953,64,1754.42,35,1072,1.0,0,Medium Risk
950220,62,1206.6,33,840,0.06,1,Medium Risk
668291,22,1478.47,31,720,0.76,1,Medium Risk
384872,39,2615.36,10,320,0.3,0,Low Risk
772790,19,861.15,35,696,0.53,0,Low Risk
481496,52,12307.65,8,794,0.83,0,Medium Risk
662619,24,140.33,36,25,0.63,0,Low Risk
660773,30,2850.2,5,188,0.66,0,Low Risk
735379,53,2458.17,23,1289,0.72,0,Low Risk
690165,21,1095.48,38,1099,0.35,0,Low Risk
257258,30,5951.06,34,45,0.96,0,High Risk
824510,33,2339.83,17,375,0.84,0,Low Risk
138355,55,153.06,2,1037,0.67,0,Low Risk
170786,51,709.8,8,1239,0.93,0,Low Risk
548232,44,94.55,39,321,0.55,0,Low Risk
487875,30,1900.12,19,1337,0.76,0,Low Risk
458874,40,4083.81,10,1034,0.82,0,Low Risk
103917,37,2345.29,14,1202,0.71,0,Low Risk
787690,41,734.9,30,703,0.12,1,Medium Risk
696291,25,683.29,31,1314,0.13,0,Low Risk
527472,28,683.66,15,991,0.19,0,Low Risk
194679,35,696.4,38,209,0.06,0,Low Risk
249245,58,882.15,29,668,0.1,0,Low Risk
929999,36,1714.75,34,428,0.57,1,Medium Risk
139481,68,1187.68,6,624,0.94,0,Low Risk
518729,34,2373.23,26,929,0.93,0,Medium Risk
106627,27,349.59,21,235,0.67,1,Low Risk
226260,61,327.61,4,431,0.94,0,Low Risk
756185,37,3094.91,12,1317,0.05,0,Low Risk
536681,65,1022.66,35,1327,0.11,0,Low Risk
978635,52,973.48,7,1037,0.42,0,Low Risk
348020,48,2593.46,9,329,0.87,0,Low Risk
780034,39,536.03,23,1197,0.04,0,Low Risk
827208,25,2159.04,18,1027,0.32,0,Low Risk
610674,38,2342.63,1,356,0.09,0,Low Risk
364745,30,169.7,10,565,0.27,0,Low Risk
173830,63,603.85,38,868,0.95,0,Medium Risk
166825,20,1086.0,17,1206,0.27,0,Low Risk
241819,42,6670.84,26,230,0.76,0,Medium Risk
815501,33,3014.92,28,698,0.86,0,Medium Risk
599242,59,2990.73,30,745,0.12,0,Low Risk
694857,49,857.23,25,33,0.74,0,Low Risk
707875,29,52.71,36,973,0.97,0,Medium Risk
760782,26,1633.56,8,225,0.61,0,Low Risk
259504,62,1065.01,4,616,0.07,0,Low Risk
239456,51,1899.11,13,1103,0.06,0,Low Risk
941945,21,6380.19,9,631,0.79,1,Medium Risk
880546,67,2118.97,32,540,0.78,0,Low Risk
526645,43,485.9,26,1049,0.78,0,Low Risk
808205,28,8046.61,8,1384,0.91,0,Medium Risk
475556,28,651.95,38,216,0.72,0,Low Risk
106630,48,2510.1,26,5,0.5,0,Medium Risk
331080,50,6387.04,27,15,0.35,1,High Risk
426047,63,208.6,38,598,0.76,0,Low Risk
112537,63,1184.14,30,3,0.17,0,Medium Risk
232711,61,4609.2,33,331,0.79,1,Medium Risk
898811,45,2202.41,16,580,0.95,1,Medium Risk
296458,43,1528.55,12,1163,0.46,1,Low Risk
500527,40,201.78,18,154,0.01,0,Low Risk
846496,46,4819.73,34,1297,0.96,0,Medium Risk
672194,19,6875.69,8,1165,0.85,0,Medium Risk
380620,53,618.28,1,1063,0.78,1,Low Risk
393833,67,3003.55,22,1068,0.01,0,Low Risk
508277,54,996.37,28,1279,0.63,0,Low Risk
249926,57,3818.3,8,944,0.1,0,Low Risk
834565,46,1361.28,13,1197,0.12,0,Low Risk
566073,44,6245.4,1,601,0.76,0,Low Risk
867245,37,240.21,30,1383,0.58,0,Low Risk
158631,35,9820.37,29,693,0.36,0,Medium Risk
367988,67,4700.41,26,1428,0.1,0,Low Risk
986667,28,2836.82,5,1217,0.18,1,Low Risk
804051,62,559.5,4,709,0.72,0,Low Risk
398195,38,1504.23,26,403,0.14,0,Low Risk
637631,24,3789.65,5,405,0.76,0,Low Risk
746778,37,1426.48,29,553,0.3,0,Low Risk
167298,63,514.06,27,836,0.3,1,Medium Risk
861922,18,1103.27,24,1307,0.84,0,Low Risk
342633,51,3023.61,24,1028,0.15,1,Low Risk
689832,40,142.93,23,877,0.04,0,Low Risk
493485,58,50.02,6,1381,0.72,0,Low Risk
638839,56,775.38,20,384,0.0,0,Low Risk
809695,45,792.37,36,751,0.42,0,Low Risk
716468,67,4577.51,37,537,0.25,0,Low Risk
478173,65,4694.36,36,504,0.76,0,Low Risk
793139,25,2213.59,31,938,0.71,0,Low Risk
484414,26,676.26,32,10,0.48,0,Low Risk
906900,65,753.55,25,917,0.56,0,Low Risk
943543,42,427.7,17,489,0.45,0,Low Risk
270756,32,2555.81,6,1025,0.12,0,Low Risk
400283,34,112.69,29,73,0.35,0,Low Risk
269516,69,392.35,17,561,0.73,0,Low Risk
839352,18,797.89,26,1124,0.79,0,Low Risk
606612,35,82.38,35,488,0.8,0,Low Risk
460973,51,1201.3,4,728,0.7,0,Low Risk
749680,50,6874.63,19,193,0.31,0,Low Risk
404832,57,445.09,35,659,0.4,0,Low Risk
692785,27,3358.77,31,452,0.63,0,Low Risk
891226,39,2283.77,37,840,0.25,0,Low Risk
235322,20,3853.33,19,1203,0.01,0,Low Risk
246156,50,1641.95,11,1307,0.41,1,Low Risk
106934,22,2688.76,14,1093,0.07,0,Low Risk
884728,67,1183.97,19,726,0.33,0,Low Risk
629824,64,1010.73,33,1165,0.78,0,Low Risk
864152,40,493.77,19,128,0.75,0,Low Risk
115095,46,836.84,10,361,0.98,0,Low Risk
757063,46,7603.61,2,518,0.55,1,Medium Risk
587319,58,2727.94,26,425,0.2,0,Low Risk
203809,24,663.8,10,98,0.48,0,Low Risk
441200,41,2188.63,22,154,0.6,0,Low Risk
687556,46,5244.51,20,553,0.09,0,Low Risk
446518,37,243.23,2,1438,0.64,0,Low Risk
178229,23,627.75,10,73,0.71,0,Low Risk
893448,58,1542.07,2,413,0.17,0,Low Risk
690453,42,386.43,15,1339,0.74,1,Low Risk
226660,39,2012.75,30,25,0.05,0,Low Risk
666708,62,1798.98,9,1188,0.94,0,Low Risk
485973,26,3712.68,32,262,0.98,0,Medium Risk
688243,67,2766.0,35,1365,0.91,0,Medium Risk
919645,32,3449.3,9,915,0.59,0,Low Risk
929365,58,604.2,20,39,0.2,1,Low Risk
143600,49,4899.99,33,1390,0.27,0,Low Risk
459788,57,926.58,3,1338,0.6,0,Low Risk
675878,47,6102.0,10,1362,0.81,0,Medium Risk
769484,30,3140.76,3,870,0.74,0,Low Risk
423943,63,739.2,17,1097,0.21,0,Low Risk
780468,56,676.28,28,865,0.9,0,Medium Risk
914577,38,1109.81,38,680,0.44,0,Low Risk
170955,54,3114.84,18,63,0.29,0,Low Risk
996360,30,766.34,7,875,0.49,1,Low Risk
755656,32,709.89,3,974,0.01,0,Low Risk
528233,55,397.5,29,645,0.79,1,Medium Risk
553725,67,4318.9,20,803,0.81,0,Low Risk
958600,29,625.25,23,277,0.74,0,Low Risk
469383,41,3164.57,32,567,0.95,0,Medium Risk
957364,59,985.28,39,848,0.88,0,Medium Risk
395606,26,211.64,35,1063,0.19,1,Medium Risk
577007,59,4364.83,12,471,0.46,0,Low Risk
379708,39,751.79,37,653,0.72,0,Low Risk
932413,65,300.11,17,1271,0.0,0,Low Risk
494611,23,3165.9,30,662,0.54,0,Low Risk
176760,60,2686.63,14,634,0.35,0,Low Risk
217450,53,302.07,28,1035,0.25,0,Low Risk
894984,36,867.96,28,363,0.56,0,Low Risk
206861,50,1607.0,10,175,0.75,0,Low Risk
188536,51,1111.91,1,930,0.02,1,Low Risk
152924,65,1910.97,29,295,0.14,0,Low Risk
189419,24,292.72,26,305,0.68,0,Low Risk
777174,56,1136.94,17,171,0.07,0,Low Risk
744977,32,4386.45,32,794,0.25,0,Low Risk
652120,45,2439.86,1,1117,0.82,0,Low Risk
277589,68,322.52,7,718,0.51,0,Low Risk
857583,58,4333.65,3,139,0.08,0,Low Risk
295664,57,81.26,2,534,0.48,0,Low Risk
877950,57,6938.16,28,116,0.65,0,Medium Risk
854777,19,1490.5,15,532,1.0,0,Low Risk
746755,46,1232.58,3,206,0.37,0,Low Risk
889866,21,1298.13,11,1146,0.35,1,Low Risk
376772,47,540.95,9,348,0.63,0,Low Risk
450275,32,149.76,36,1160,0.43,0,Low Risk
604643,65,2836.61,39,1338,0.76,0,Low Risk
866114,36,1987.66,29,571,0.17,0,Low Risk
681020,45,1041.07,17,1424,0.76,0,Low Risk
285562,43,4448.76,37,938,0.31,0,Low Risk
780002,28,682.01,8,616,0.31,0,Low Risk
545065,19,1156.25,12,650,0.51,0,Low Risk
854058,34,1807.35,12,371,0.82,0,Low Risk
628833,49,1178.06,38,505,0.26,1,Medium Risk
699294,47,559.89,30,685,0.83,0,Medium Risk
561234,63,543.63,36,903,0.26,0,Low Risk
668010,32,3497.99,32,887,0.19,0,Low Risk
737918,54,2805.37,33,392,0.03,0,Low Risk
647824,23,1123.11,32,828,0.04,0,Low Risk
749544,23,1170.68,29,455,1.0,0,Medium Risk
354219,19,2806.69,33,1206,0.71,1,Medium Risk
380047,44,13661.5,31,1115,0.81,1,High Risk
617036,62,1304.07,31,1424,0.41,0,Low Risk
685905,69,4495.9,21,499,0.41,0,Low Risk
209362,65,798.5,22,166,0.02,1,Low Risk
745548,66,2923.51,32,207,0.51,0,Low Risk
155589,20,2009.6,21,1149,0.59,0,Low Risk
465000,46,2877.17,2,74,0.14,0,Low Risk
836119,65,1866.9,24,651,0.93,0,Low Risk
637775,22,2055.18,5,780,0.49,1,Low Risk
973197,59,2561.24,25,1038,0.05,0,Low Risk
993389,35,950.19,18,888,0.94,0,Low Risk
347381,22,161.85,25,1001,0.07,0,Low Risk
286988,18,2070.87,4,193,0.18,0,Low Risk
461383,39,1783.7,17,93,0.95,0,Low Risk
119327,67,3070.11,15,780,0.45,0,Low Risk
263529,55,1585.46,26,1118,0.88,0,Medium Risk
576796,66,698.73,36,876,0.35,0,Low Risk
471504,25,187.69,26,926,0.92,0,Medium Risk
298301,33,2396.76,7,976,0.86,1,Medium Risk
990243,65,991.42,23,88,0.88,0,Low Risk
372025,68,110.97,17,1247,0.97,0,Low Risk
795638,48,3041.43,20,380,0.07,1,Low Risk
714194,66,2263.14,30,925,0.09,0,Low Risk
244628,67,1126.46,34,763,0.47,0,Low Risk
282373,27,205.54,15,485,0.53,1,Low Risk
611540,57,293.05,23,360,0.21,0,Low Risk
855820,46,579.25,10,39,0.37,0,Low Risk
446028,30,179.22,37,1110,0.9,0,Medium Risk
258358,55,4049.91,23,790,0.48,0,Low Risk
889697,45,1970.58,5,192,0.58,0,Low Risk
432284,63,797.03,23,1169,0.44,1,Low Risk
336475,59,3506.23,34,777,0.19,0,Low Risk
194606,35,2250.5,17,1423,0.2,0,Low Risk
339298,56,1703.61,32,393,0.94,0,Medium Risk
681043,38,1394.31,16,201,0.49,0,Low Risk
905130,36,2196.37,35,48,0.41,0,Low Risk
390996,21,1126.21,32,830,0.9,1,High Risk
756318,66,435.94,19,1017,0.51,1,Low Risk
822762,21,7078.87,8,845,0.66,0,Low Risk
608292,55,3907.96,30,1436,0.49,0,Low Risk
634749,33,722.93,38,712,0.56,0,Low Risk
223683,23,988.56,35,906,0.37,0,Low Risk
741868,66,2664.7,29,1279,0.34,1,Medium Risk
964776,58,632.43,21,762,0.52,0,Low Risk
404113,21,51.31,20,500,0.75,0,Low Risk
165989,50,1666.39,13,1297,0.29,0,Low Risk
326620,44,131.77,8,315,0.24,1,Low Risk
418794,56,62.91,28,1296,0.62,0,Low Risk
875669,34,2485.35,13,608,0.38,0,Low Risk
942096,35,424.37,21,606,0.2,0,Low Risk
445651,57,564.28,15,1225,0.47,0,Low Risk
348753,40,2018.72,30,417,0.85,1,High Risk
835651,64,400.33,35,1122,0.22,0,Low Risk
130985,29,2629.05,14,1017,0.61,0,Low Risk
863018,29,1005.27,11,615,0.13,0,Low Risk
193339,49,1675.92,21,424,0.93,0,Low Risk
816704,67,815.6,8,1257,0.28,0,Low Risk
970906,41,111.13,2,1087,0.04,0,Low Risk
267401,34,2169.07,38,1052,0.85,1,High Risk
369491,68,1461.78,22,1242,0.91,0,Low Risk
936825,30,70.68,32,977,0.71,0,Low Risk
860147,63,3214.43,35,796,0.26,0,Low Risk
133546,57,1607.42,12,968,0.94,0,Low Risk
827007,55,177.6,9,367,0.16,0,Low Risk
847516,41,885.35,25,802,0.19,0,Low Risk
511208,59,4752.84,20,1384,0.58,1,Low Risk
532862,22,293.88,27,464,0.78,0,Low Risk
800682,58,2228.45,26,162,0.86,0,Medium Risk
302512,29,4847.65,23,183,0.11,0,Low Risk
101878,19,458.23,21,985,0.86,0,Low Risk
198499,38,2705.49,33,884,0.29,0,Low Risk
432262,63,1863.09,25,789,0.58,0,Low Risk
522408,23,4704.02,23,91,0.93,0,Low Risk
272867,39,1531.08,3,1266,0.56,1,Low Risk
345556,25,3553.74,5,1261,0.08,0,Low Risk
181549,62,1809.33,5,585,0.9,0,Low Risk
241796,57,115.96,30,108,0.1,0,Low Risk
510498,25,752.97,28,606,0.26,1,Medium Risk
430882,38,599.06,34,1271,0.12,0,Low Risk
913830,18,1274.72,37,111,0.57,0,Low Risk
181607,59,940.1,21,1359,0.82,0,Low Risk
326506,62,3209.07,17,529,0.56,0,Low Risk
218852,55,1307.32,14,429,0.84,0,Low Risk
715890,64,350.71,15,269,0.46,0,Low Risk
995083,52,83.8,5,982,0.08,0,Low Risk
437677,51,116.41,5,986,0.41,0,Low Risk
180872,67,7141.35,17,1273,0.71,0,Low Risk
471594,61,297.41,19,575,0.94,0,Low Risk
279735,34,2139.59,20,122,0.83,0,Low Risk
567854,34,4640.43,1,355,0.35,0,Low Risk
139809,31,701.74,15,808,0.16,0,Low Risk
139977,21,1136.64,28,237,0.71,0,Low Risk
352830,25,1446.03,31,201,0.31,0,Low Risk
884402,24,5495.44,39,1002,0.32,0,Medium Risk
917509,47,2841.86,18,882,0.68,0,Low Risk
270770,51,3529.91,23,453,0.01,1,Low Risk
967129,63,277.71,29,919,0.5,0,Low Risk
123132,32,1373.38,32,457,0.31,0,Low Risk
972059,65,4364.46,3,1130,0.01,1,Low Risk
640362,21,834.15,17,809,0.21,1,Low Risk
612472,23,1211.69,1,150,0.78,0,Low Risk
782228,59,102.21,12,599,0.46,0,Low Risk
528714,58,491.53,10,1107,0.89,0,Low Risk
707507,69,1631.34,30,281,0.16,0,Low Risk
479194,65,1217.7,10,718,0.72,0,Low Risk
752487,47,261.27,25,1358,0.16,0,Low Risk
560062,27,582.66,11,405,0.95,0,Low Risk
182562,34,576.56,2,844,0.04,1,Low Risk
149619,28,1139.47,18,483,0.03,0,Low Risk
272105,23,3093.0,12,1357,0.57,0,Low Risk
961427,43,693.83,27,591,0.27,1,Medium Risk
897677,64,1489.73,12,141,0.83,0,Low Risk
963910,34,562.57,21,520,0.93,0,Low Risk
425551,45,153.76,12,926,0.28,0,Low Risk
929578,24,155.31,37,797,0.33,0,Low Risk
302000,63,1659.33,13,618,0.21,0,Low Risk
779582,69,1635.56,25,838,0.35,0,Low Risk
841595,49,2326.98,5,950,0.03,0,Low Risk
472597,40,3297.59,29,534,0.34,0,Low Risk
600255,26,572.71,19,582,0.88,0,Low Risk
110284,37,2286.15,4,1074,0.4,0,Low Risk
785493,28,944.06,4,989,0.99,0,Low Risk
668044,26,389.68,7,580,0.98,0,Low Risk
922902,52,1774.59,31,1363,0.99,0,Medium Risk
555686,69,1232.78,2,316,0.67,0,Low Risk
256770,33,500.11,31,1131,0.28,0,Low Risk
285957,38,3073.87,26,306,0.25,0,Low Risk
134845,28,9697.34,1,559,0.21,0,Low Risk
301209,19,1894.97,4,1132,0.06,0,Low Risk
693792,67,2290.73,3,12,0.15,1,Low Risk
885440,19,2953.41,2,1340,0.0,0,Low Risk
683681,45,2977.05,10,444,0.94,0,Low Risk
641039,58,2162.46,37,1270,0.13,0,Low Risk
915304,37,2467.19,27,336,0.34,0,Low Risk
492422,19,1109.93,9,588,0.03,0,Low Risk
348235,51,3740.52,39,60,0.78,0,Low Risk
528004,53,433.89,27,1410,0.66,1,Medium Risk
872669,46,3329.58,37,1180,0.17,0,Low Risk
235774,38,193.84,14,674,0.92,0,Low Risk
609399,23,2558.56,36,1046,0.53,0,Low Risk
766165,53,1910.18,32,941,0.68,1,Medium Risk
854863,20,635.08,16,699,0.92,0,Low Risk
