Store_ID,Department,Date,Weekly_Sales,Holiday_Flag
Store_1,Grocery,2023-01-01,22483.570765056164,0
Store_1,Grocery,2023-01-08,19308.67849414408,0
Store_1,Grocery,2023-01-15,23238.442690503463,0
Store_1,Grocery,2023-01-22,27615.149282040125,0
Store_1,Grocery,2023-01-29,18829.23312638332,0
Store_1,Grocery,2023-02-05,18829.315215254097,0
Store_1,Grocery,2023-02-12,27896.064077536957,0
Store_1,Grocery,2023-02-19,23837.173645764546,0
Store_1,Grocery,2023-02-26,17652.62807032524,0
Store_1,Grocery,2023-03-05,22712.800217929824,0
Store_1,Grocery,2023-03-12,17682.91153593769,0
Store_1,Grocery,2023-03-19,17671.351232148714,0
Store_1,Grocery,2023-03-26,21209.81135783017,0
Store_1,Grocery,2023-04-02,10433.598776711011,0
Store_1,Grocery,2023-04-09,11375.410837434836,0
Store_1,Grocery,2023-04-16,17188.562353795136,0
Store_1,Grocery,2023-04-23,14935.844398327881,0
Store_1,Grocery,2023-04-30,21571.23666297637,0
Store_1,Grocery,2023-05-07,15459.879622393946,0
Store_1,Grocery,2023-05-14,12938.481493323543,0
Store_1,Electronics,2023-01-01,27328.243844607772,0
Store_1,Electronics,2023-01-08,18871.11849756732,0
Store_1,Electronics,2023-01-15,20337.64102343962,0
Store_1,Electronics,2023-01-22,12876.259068932715,0
Store_1,Electronics,2023-01-29,17278.086377374086,0
Store_1,Electronics,2023-02-05,20554.61294854933,0
Store_1,Electronics,2023-02-12,14245.032112888486,0
Store_1,Electronics,2023-02-19,21878.49009172836,0
Store_1,Electronics,2023-02-26,16996.806550405974,0
Store_1,Electronics,2023-03-05,18541.531251033615,0
Store_1,Electronics,2023-03-12,16991.466938853016,0
Store_1,Electronics,2023-03-19,29261.39092254469,0
Store_1,Electronics,2023-03-26,19932.51387631033,0
Store_1,Electronics,2023-04-02,14711.445355220498,0
Store_1,Electronics,2023-04-09,24112.724560515944,0
Store_1,Electronics,2023-04-16,13895.781750144888,0
Store_1,Electronics,2023-04-23,21044.317975023776,0
Store_1,Electronics,2023-04-30,10201.649380601122,0
Store_1,Electronics,2023-05-07,13359.069755507848,0
Store_1,Electronics,2023-05-14,20984.306179345618,0
Store_1,Clothing,2023-01-01,23692.332899977053,0
Store_1,Clothing,2023-01-08,20856.841405949854,0
Store_1,Clothing,2023-01-15,19421.758588058798,0
Store_1,Clothing,2023-01-22,18494.481522053557,0
Store_1,Clothing,2023-01-29,12607.390048162863,0
Store_1,Clothing,2023-02-05,16400.778958026458,0
Store_1,Clothing,2023-02-12,17696.806145201062,0
Store_1,Clothing,2023-02-19,25285.611131094578,0
Store_1,Clothing,2023-02-26,21718.091447842307,0
Store_1,Clothing,2023-03-05,11184.79922318633,0
Store_1,Clothing,2023-03-12,21620.419846973975,0
Store_1,Clothing,2023-03-19,18074.588597918417,0
Store_1,Clothing,2023-03-26,16615.389998470208,0
Store_1,Clothing,2023-04-02,23058.38144420434,0
Store_1,Clothing,2023-04-09,25154.997612479754,0
Store_1,Clothing,2023-04-16,24656.40059558099,0
Store_1,Clothing,2023-04-23,15803.912383886807,0
Store_1,Clothing,2023-04-30,18453.938120743926,0
Store_1,Clothing,2023-05-07,21656.31715701782,0
Store_1,Clothing,2023-05-14,24877.725635611794,0
Store_1,Pharmacy,2023-01-01,17604.12881077355,0
Store_1,Pharmacy,2023-01-08,19071.705116680914,0
Store_1,Pharmacy,2023-01-15,14468.325129969859,0
Store_1,Pharmacy,2023-01-22,14018.966879596646,0
Store_1,Pharmacy,2023-01-29,24062.62911197099,0
Store_1,Pharmacy,2023-02-05,26781.200142854115,0
Store_1,Pharmacy,2023-02-12,19639.94939209833,0
Store_1,Pharmacy,2023-02-19,25017.66448946012,0
Store_1,Pharmacy,2023-02-26,21808.18012523817,0
Store_1,Pharmacy,2023-03-05,16774.40122697438,0
Store_1,Pharmacy,2023-03-12,21806.97802754207,0
Store_1,Pharmacy,2023-03-19,27690.182832329847,0
Store_1,Pharmacy,2023-03-26,19820.86980445024,0
Store_1,Pharmacy,2023-04-02,27823.21827907003,0
Store_1,Pharmacy,2023-04-09,6901.274479551279,0
Store_1,Pharmacy,2023-04-16,24109.51252187612,0
Store_1,Pharmacy,2023-04-23,20435.235341190855,0
Store_1,Pharmacy,2023-04-30,18504.96324767066,0
Store_1,Pharmacy,2023-05-07,20458.803882677512,0
Store_1,Pharmacy,2023-05-14,10062.155426995536,0
Store_1,Home & Kitchen,2023-01-01,18901.64056081244,0
Store_1,Home & Kitchen,2023-01-08,21785.562857558733,0
Store_1,Home & Kitchen,2023-01-15,27389.47022370758,0
Store_1,Home & Kitchen,2023-01-22,17408.648908631763,0
Store_1,Home & Kitchen,2023-01-29,15957.531985534062,0
Store_1,Home & Kitchen,2023-02-05,17491.214782077317,0
Store_1,Home & Kitchen,2023-02-12,24577.01058851037,0
Store_1,Home & Kitchen,2023-02-19,21643.75554829842,0
Store_1,Home & Kitchen,2023-02-26,17351.198981164805,0
Store_1,Home & Kitchen,2023-03-05,22566.33716556678,0
Store_1,Home & Kitchen,2023-03-12,20485.3877467402,0
Store_1,Home & Kitchen,2023-03-19,24843.224952664445,0
Store_1,Home & Kitchen,2023-03-26,16489.734530613237,0
Store_1,Home & Kitchen,2023-04-02,18361.68926701116,0
Store_1,Home & Kitchen,2023-04-09,18039.45923433921,0
Store_1,Home & Kitchen,2023-04-16,12682.425259339407,0
Store_1,Home & Kitchen,2023-04-23,21480.60138532288,0
Store_1,Home & Kitchen,2023-04-30,21305.276360899446,0
Store_1,Home & Kitchen,2023-05-07,20025.567283212305,0
Store_1,Home & Kitchen,2023-05-14,18827.064333124265,0
Store_2,Grocery,2023-01-01,12923.146289747929,0
Store_2,Grocery,2023-01-08,17896.773386173205,0
Store_2,Grocery,2023-01-15,18286.427417366154,0
Store_2,Grocery,2023-01-22,15988.613653891905,0
Store_2,Grocery,2023-01-29,19193.571441669956,0
Store_2,Grocery,2023-02-05,22020.254284072693,0
Store_2,Grocery,2023-02-12,29430.92950605265,0
Store_2,Grocery,2023-02-19,20872.889064159193,0
Store_2,Grocery,2023-02-26,21287.75195361382,0
Store_2,Grocery,2023-03-05,19627.770421169163,0
Store_2,Grocery,2023-03-12,10406.143923504793,0
Store_2,Grocery,2023-03-19,19867.430622753916,0
Store_2,Grocery,2023-03-26,20301.15104970513,0
Store_2,Grocery,2023-04-02,32316.21056242643,0
Store_2,Grocery,2023-04-09,19038.19517609439,0
Store_2,Grocery,2023-04-16,21507.73671166806,0
Store_2,Grocery,2023-04-23,19826.441151473784,0
Store_2,Grocery,2023-04-30,14156.60981190234,0
Store_2,Grocery,2023-05-07,25714.114072575103,0
Store_2,Grocery,2023-05-14,23759.66516343387,0
Store_2,Electronics,2023-01-01,23955.159735215235,0
Store_2,Electronics,2023-01-08,15453.062726026306,0
Store_2,Electronics,2023-01-15,27013.971554680495,0
Store_2,Electronics,2023-01-22,12990.744686038595,0
Store_2,Electronics,2023-01-29,22934.285469001352,0
Store_2,Electronics,2023-02-05,30952.278129049893,0
Store_2,Electronics,2023-02-12,15047.318374346558,0
Store_2,Electronics,2023-02-19,17168.51135198614,0
Store_2,Electronics,2023-02-26,20498.256825438206,0
Store_2,Electronics,2023-03-05,17482.621729419003,0
Store_2,Electronics,2023-03-12,12246.682844669336,0
Store_2,Electronics,2023-03-19,20342.814874030137,0
Store_2,Electronics,2023-03-26,14688.481431369477,0
Store_2,Electronics,2023-04-02,22367.962153175908,0
Store_2,Electronics,2023-04-09,15402.878828830984,0
Store_2,Electronics,2023-04-16,27749.672025087697,0
Store_2,Electronics,2023-04-23,16083.733538318815,0
Store_2,Electronics,2023-04-30,18389.692418971623,0
Store_2,Electronics,2023-05-07,24067.58608684835,0
Store_2,Electronics,2023-05-14,13845.678417830224,0
Store_2,Clothing,2023-01-01,21137.299673020647,0
Store_2,Clothing,2023-01-08,26535.71377141214,0
Store_2,Clothing,2023-01-15,11962.583827193863,0
Store_2,Clothing,2023-01-22,20923.16929266152,0
Store_2,Clothing,2023-01-29,21299.413971242117,0
Store_2,Clothing,2023-02-05,23909.114358886553,0
Store_2,Clothing,2023-02-12,13815.246445609591,0
Store_2,Clothing,2023-02-19,13397.716934578619,0
Store_2,Clothing,2023-02-26,22609.707828084487,0
Store_2,Clothing,2023-03-05,21484.92336616593,0
Store_2,Clothing,2023-03-12,21252.464251729383,0
Store_2,Clothing,2023-03-19,21732.24104748488,0
Store_2,Clothing,2023-03-26,16599.876392107544,0
Store_2,Clothing,2023-04-02,21161.268485805016,0
Store_2,Clothing,2023-04-09,21465.362366493406,0
Store_2,Clothing,2023-04-16,16428.24290986816,0
Store_2,Clothing,2023-04-23,29328.872555723785,0
Store_2,Clothing,2023-04-30,22369.164604558937,0
Store_2,Clothing,2023-05-07,14043.482513986757,0
Store_2,Clothing,2023-05-14,23282.768043169148,0
Store_2,Pharmacy,2023-01-01,15126.591648863392,0
Store_2,Pharmacy,2023-01-08,23935.42301871226,0
Store_2,Pharmacy,2023-01-15,25792.97789503702,0
Store_2,Pharmacy,2023-01-22,15896.588408241449,0
Store_2,Pharmacy,2023-01-29,24816.88064622161,0
Store_2,Pharmacy,2023-02-05,22063.90463468249,0
Store_2,Pharmacy,2023-02-12,24110.30079997245,0
Store_2,Pharmacy,2023-02-19,29483.964913269738,0
Store_2,Pharmacy,2023-02-26,18773.059419985646,0
Store_2,Pharmacy,2023-03-05,16231.319178212552,0
Store_2,Pharmacy,2023-03-12,15552.427851872384,0
Store_2,Pharmacy,2023-03-19,15920.948575172808,0
Store_2,Pharmacy,2023-03-26,19614.49145292948,0
Store_2,Pharmacy,2023-04-02,21705.759874083218,0
Store_2,Pharmacy,2023-04-09,21383.453996650096,0
Store_2,Pharmacy,2023-04-16,24135.91624518012,0
Store_2,Pharmacy,2023-04-23,20065.009459389534,0
Store_2,Pharmacy,2023-04-30,27267.670385786583,0
Store_2,Pharmacy,2023-05-07,18676.71583381022,0
Store_2,Pharmacy,2023-05-14,33600.84583294809,0
Store_2,Home & Kitchen,2023-01-01,23128.33673882503,0
Store_2,Home & Kitchen,2023-01-08,15714.212217918586,0
Store_2,Home & Kitchen,2023-01-15,14645.537509694437,0
Store_2,Home & Kitchen,2023-01-22,22412.362076215926,0
Store_2,Home & Kitchen,2023-01-29,18882.686073370747,0
Store_2,Home & Kitchen,2023-02-05,23570.00247046046,0
Store_2,Home & Kitchen,2023-02-12,22366.188122867723,0
Store_2,Home & Kitchen,2023-02-19,19635.855436715636,0
Store_2,Home & Kitchen,2023-02-26,15766.031409657975,0
Store_2,Home & Kitchen,2023-03-05,12425.763876570676,0
Store_2,Home & Kitchen,2023-03-12,17767.425239664895,0
Store_2,Home & Kitchen,2023-03-19,24281.99397161736,0
Store_2,Home & Kitchen,2023-03-26,21070.46872065102,0
Store_2,Home & Kitchen,2023-04-02,13771.30610644006,0
Store_2,Home & Kitchen,2023-04-09,20865.90462925591,0
Store_2,Home & Kitchen,2023-04-16,21926.586898644186,0
Store_2,Home & Kitchen,2023-04-23,15580.712818994336,0
Store_2,Home & Kitchen,2023-04-30,20768.62552972764,0
Store_2,Home & Kitchen,2023-05-07,20291.04359223,0
Store_2,Home & Kitchen,2023-05-14,14285.148510846884,0
Store_3,Grocery,2023-01-01,21788.936801741416,0
Store_3,Grocery,2023-01-08,22803.92263184117,0
Store_3,Grocery,2023-01-15,25415.256215876383,0
Store_3,Grocery,2023-01-22,25269.010260174517,0
Store_3,Grocery,2023-01-29,13111.653160214544,0
Store_3,Grocery,2023-02-05,15310.874800424386,0
Store_3,Grocery,2023-02-12,22575.1763360433,0
Store_3,Grocery,2023-02-19,22568.929754561043,0
Store_3,Grocery,2023-02-26,22575.23843153024,0
Store_3,Grocery,2023-03-05,39263.657453273605,0
Store_3,Grocery,2023-03-12,22854.452553465835,0
Store_3,Grocery,2023-03-19,25677.828200902994,0
Store_3,Grocery,2023-03-26,24770.008817466012,0
Store_3,Grocery,2023-04-02,23256.95625652899,0
Store_3,Grocery,2023-04-09,18423.653776798274,0
Store_3,Grocery,2023-04-16,23794.846102466337,0
Store_3,Grocery,2023-04-23,16135.873927312141,0
Store_3,Grocery,2023-04-30,18815.906966299957,0
Store_3,Grocery,2023-05-07,17573.182260854483,0
Store_3,Grocery,2023-05-14,20409.37069693161,0
Store_3,Electronics,2023-01-01,31573.292833367545,0
Store_3,Electronics,2023-01-08,10663.674037041259,0
Store_3,Electronics,2023-01-15,23431.300951872567,0
Store_3,Electronics,2023-01-22,11936.420644051741,0
Store_3,Electronics,2023-01-29,17640.340671052832,0
Store_3,Electronics,2023-02-05,25444.75298483683,0
Store_3,Electronics,2023-02-12,20321.400095477315,0
Store_3,Electronics,2023-02-19,14611.276110353469,0
Store_3,Electronics,2023-02-26,16423.48145370016,0
Store_3,Electronics,2023-03-05,23397.988744673377,0
Store_3,Electronics,2023-03-12,16348.166841414317,0
Store_3,Electronics,2023-03-19,21082.292947909875,0
Store_3,Electronics,2023-03-26,20227.85919951907,0
Store_3,Electronics,2023-04-02,16741.998261970915,0
Store_3,Electronics,2023-04-09,30719.720446626627,0
Store_3,Electronics,2023-04-16,23169.595111590057,0
Store_3,Electronics,2023-04-23,9874.287066711964,0
Store_3,Electronics,2023-04-30,20932.271573847138,0
Store_3,Electronics,2023-05-07,16691.06767615806,0
Store_3,Electronics,2023-05-14,24262.16667398112,0
Store_3,Clothing,2023-01-01,16037.396307836498,0
Store_3,Clothing,2023-01-08,19426.317792665504,0
Store_3,Clothing,2023-01-15,22524.936394902285,0
Store_3,Clothing,2023-01-22,24328.775970850606,0
Store_3,Clothing,2023-01-29,13998.517964721119,0
Store_3,Clothing,2023-02-05,18327.49382079526,0
Store_3,Clothing,2023-02-12,17625.27344419522,0
Store_3,Clothing,2023-02-19,16733.353837131443,0
Store_3,Clothing,2023-02-26,28827.271201405485,0
Store_3,Clothing,2023-03-05,22024.908554804777,0
Store_3,Clothing,2023-03-12,13695.580228324774,0
Store_3,Clothing,2023-03-19,24589.30973527388,0
Store_3,Clothing,2023-03-26,30610.780985063167,0
Store_3,Clothing,2023-04-02,25162.326302755733,0
Store_3,Clothing,2023-04-09,12403.150170229932,0
Store_3,Clothing,2023-04-16,17578.829635668742,0
Store_3,Clothing,2023-04-23,26334.555745933114,0
Store_3,Clothing,2023-04-30,16461.652671906097,0
Store_3,Clothing,2023-05-07,22219.09714073114,0
Store_3,Clothing,2023-05-14,23873.170267146685,0
Store_3,Pharmacy,2023-01-01,15365.347642109586,0
Store_3,Pharmacy,2023-01-08,19702.373219691,0
Store_3,Pharmacy,2023-01-15,3793.6632996546377,0
Store_3,Pharmacy,2023-01-22,14878.06179332855,0
Store_3,Pharmacy,2023-01-29,18737.1592430342,0
Store_3,Pharmacy,2023-02-05,13761.084090175753,0
Store_3,Pharmacy,2023-02-12,28162.056519658177,0
Store_3,Pharmacy,2023-02-19,12849.293110196837,0
Store_3,Pharmacy,2023-02-26,17799.77756651508,0
Store_3,Pharmacy,2023-03-05,20653.702886430456,0
Store_3,Pharmacy,2023-03-12,27206.366445330576,0
Store_3,Pharmacy,2023-03-19,12820.689244102803,0
Store_3,Pharmacy,2023-03-26,25815.818760774797,0
Store_3,Pharmacy,2023-04-02,20051.165305097937,0
Store_3,Pharmacy,2023-04-09,15092.456744760246,0
Store_3,Pharmacy,2023-04-16,22310.517371316353,0
Store_3,Pharmacy,2023-04-23,20995.29847786735,0
Store_3,Pharmacy,2023-04-30,16998.915614206027,0
Store_3,Pharmacy,2023-05-07,20349.010424950095,0
Store_3,Pharmacy,2023-05-14,18073.4320156912,0
Store_3,Home & Kitchen,2023-01-01,20567.58672625624,0
Store_3,Home & Kitchen,2023-01-08,23310.653372605233,0
Store_3,Home & Kitchen,2023-01-15,27930.08408072676,0
Store_3,Home & Kitchen,2023-01-22,13810.922505865754,0
Store_3,Home & Kitchen,2023-01-29,30665.166873281334,0
Store_3,Home & Kitchen,2023-02-05,10239.56100238749,0
Store_3,Home & Kitchen,2023-02-12,19241.074524822085,0
Store_3,Home & Kitchen,2023-02-19,22941.58603242288,0
Store_3,Home & Kitchen,2023-02-26,21404.959338675162,0
Store_3,Home & Kitchen,2023-03-05,16886.502400897032,0
Store_3,Home & Kitchen,2023-03-12,18959.388748213623,0
Store_3,Home & Kitchen,2023-03-19,17534.995326705837,0
Store_3,Home & Kitchen,2023-03-26,17053.17621527894,0
Store_3,Home & Kitchen,2023-04-02,24248.010485105122,0
Store_3,Home & Kitchen,2023-04-09,21785.077429825236,0
Store_3,Home & Kitchen,2023-04-16,16535.45202369673,0
Store_3,Home & Kitchen,2023-04-23,24497.999377166256,0
Store_3,Home & Kitchen,2023-04-30,21536.497604383047,0
Store_3,Home & Kitchen,2023-05-07,24064.3105941948,0
Store_3,Home & Kitchen,2023-05-14,23148.14420961806,0
Store_4,Grocery,2023-01-01,15855.02494538964,0
Store_4,Grocery,2023-01-08,17199.09479901515,0
Store_4,Grocery,2023-01-15,23736.46802561631,0
Store_4,Grocery,2023-01-22,23051.851327167326,0
Store_4,Grocery,2023-01-29,19895.49203017926,0
Store_4,Grocery,2023-02-05,20586.63691654391,0
Store_4,Grocery,2023-02-12,26388.324478942122,0
Store_4,Grocery,2023-02-19,17042.143055820852,0
Store_4,Grocery,2023-02-26,22735.48690585019,0
Store_4,Grocery,2023-03-05,18989.03673783053,0
Store_4,Grocery,2023-03-12,18911.5939838639,0
Store_4,Grocery,2023-03-19,25493.88425993595,0
Store_4,Grocery,2023-03-26,24127.08174494015,0
Store_4,Grocery,2023-04-02,24067.548180003192,0
Store_4,Grocery,2023-04-09,26527.394035771646,0
Store_4,Grocery,2023-04-16,20105.019208163794,0
Store_4,Grocery,2023-04-23,23409.76485647482,0
Store_4,Grocery,2023-04-30,18448.666217032718,0
Store_4,Grocery,2023-05-07,21620.83176244221,0
Store_4,Grocery,2023-05-14,19349.284728161576,0
Store_4,Electronics,2023-01-01,20484.97982496359,0
Store_4,Electronics,2023-01-08,22975.78512718457,0
Store_4,Electronics,2023-01-15,15908.896583832637,0
Store_4,Electronics,2023-01-22,30461.9363784273,0
Store_4,Electronics,2023-01-29,14969.91309250149,0
Store_4,Electronics,2023-02-05,13929.056936061339,0
Store_4,Electronics,2023-02-12,25790.55436750034,0
Store_4,Electronics,2023-02-19,23958.31346981468,0
Store_4,Electronics,2023-02-26,23120.599085260776,0
Store_4,Electronics,2023-03-05,23141.7275463214,0
Store_4,Electronics,2023-03-12,19938.766135765425,0
Store_4,Electronics,2023-03-19,15513.728142570842,0
Store_4,Electronics,2023-03-26,20379.022790968633,0
Store_4,Electronics,2023-04-02,16614.19144243944,0
Store_4,Electronics,2023-04-09,24875.598667088758,0
Store_4,Electronics,2023-04-16,19264.713092489306,0
Store_4,Electronics,2023-04-23,15872.514016037443,0
Store_4,Electronics,2023-04-30,18393.070791735034,0
Store_4,Electronics,2023-05-07,22064.65727137812,0
Store_4,Electronics,2023-05-14,17181.377235980126,0
Store_4,Clothing,2023-01-01,15888.898022167843,0
Store_4,Clothing,2023-01-08,21218.436057459563,0
Store_4,Clothing,2023-01-15,21224.832855543613,0
Store_4,Clothing,2023-01-22,17465.284123144353,0
Store_4,Clothing,2023-01-29,17644.808471908385,0
Store_4,Clothing,2023-02-05,21160.249686788182,0
Store_4,Clothing,2023-02-12,12759.578292513379,0
Store_4,Clothing,2023-02-19,12962.681128117223,0
Store_4,Clothing,2023-02-26,16407.77889373782,0
Store_4,Clothing,2023-03-05,18932.764241440764,0
Store_4,Clothing,2023-03-12,21554.53782799002,0
Store_4,Clothing,2023-03-19,27376.78108474776,0
Store_4,Clothing,2023-03-26,24288.298116010097,0
Store_4,Clothing,2023-04-02,19200.307350182866,0
Store_4,Clothing,2023-04-09,19904.918960486557,0
Store_4,Clothing,2023-04-16,14987.353176810957,0
Store_4,Clothing,2023-04-23,19907.43432003805,0
Store_4,Clothing,2023-04-30,18556.70680539931,0
Store_4,Clothing,2023-05-07,21613.592801690447,0
Store_4,Clothing,2023-05-14,15863.845282238384,0
Store_4,Pharmacy,2023-01-01,22596.732571205863,0
Store_4,Pharmacy,2023-01-08,27663.694565012887,0
Store_4,Pharmacy,2023-01-15,19456.19925771571,0
Store_4,Pharmacy,2023-01-22,22008.558610494707,0
Store_4,Pharmacy,2023-01-29,23450.719958555565,0
Store_4,Pharmacy,2023-02-05,17993.89764057082,0
Store_4,Pharmacy,2023-02-12,21120.462409052085,0
Store_4,Pharmacy,2023-02-19,20062.962003908975,0
Store_4,Pharmacy,2023-02-26,20488.38049274416,0
Store_4,Pharmacy,2023-03-05,16134.951080722667,0
Store_4,Pharmacy,2023-03-12,20122.550871294712,0
Store_4,Pharmacy,2023-03-19,22489.99145622725,0
Store_4,Pharmacy,2023-03-26,27255.71803897521,0
Store_4,Pharmacy,2023-04-02,24796.354130426036,0
Store_4,Pharmacy,2023-04-09,30765.91228755778,0
Store_4,Pharmacy,2023-04-16,16163.262185559754,0
Store_4,Pharmacy,2023-04-23,24361.60318360339,0
Store_4,Pharmacy,2023-04-30,20916.71002869176,0
Store_4,Pharmacy,2023-05-07,30949.014666088362,0
Store_4,Pharmacy,2023-05-14,15958.508573224242,0
Store_4,Home & Kitchen,2023-01-01,15801.39078909612,0
Store_4,Home & Kitchen,2023-01-08,17003.036772779888,0
Store_4,Home & Kitchen,2023-01-15,9380.521378450965,0
Store_4,Home & Kitchen,2023-01-22,17371.224891596194,0
Store_4,Home & Kitchen,2023-01-29,16204.33669223151,0
Store_4,Home & Kitchen,2023-02-05,20751.968932381038,0
Store_4,Home & Kitchen,2023-02-12,21708.779878885798,0
Store_4,Home & Kitchen,2023-02-19,29380.854196079432,0
Store_4,Home & Kitchen,2023-02-26,24752.11919093025,0
Store_4,Home & Kitchen,2023-03-05,17115.481721687986,0
Store_4,Home & Kitchen,2023-03-12,15507.92664325821,0
Store_4,Home & Kitchen,2023-03-19,22459.595857532528,0
Store_4,Home & Kitchen,2023-03-26,13398.833964896789,0
Store_4,Home & Kitchen,2023-04-02,29157.293829271766,0
Store_4,Home & Kitchen,2023-04-09,25897.200603606434,0
Store_4,Home & Kitchen,2023-04-16,17654.121739476475,0
Store_4,Home & Kitchen,2023-04-23,11434.327354545612,0
Store_4,Home & Kitchen,2023-04-30,26769.361870827066,0
Store_4,Home & Kitchen,2023-05-07,19427.30077373691,0
Store_4,Home & Kitchen,2023-05-14,26189.081559867307,0
Store_5,Grocery,2023-01-01,12027.861706028165,0
Store_5,Grocery,2023-01-08,17003.124885231136,0
Store_5,Grocery,2023-01-15,20026.218498590915,0
Store_5,Grocery,2023-01-22,20234.90296882371,0
Store_5,Grocery,2023-01-29,17749.672642603782,0
Store_5,Grocery,2023-02-05,23114.249661737493,0
Store_5,Grocery,2023-02-12,14661.897853087028,0
Store_5,Grocery,2023-02-19,19288.10257489353,0
Store_5,Grocery,2023-02-26,20601.478158559494,0
Store_5,Grocery,2023-03-05,22572.194170293744,0
Store_5,Grocery,2023-03-12,23558.07439044445,0
Store_5,Grocery,2023-03-19,14376.789540810654,0
Store_5,Grocery,2023-03-26,12329.429146321889,0
Store_5,Grocery,2023-04-02,26388.384109492545,0
Store_5,Grocery,2023-04-09,21661.57005989796,0
Store_5,Grocery,2023-04-16,16257.567317217232,0
Store_5,Grocery,2023-04-23,27755.759877612614,0
Store_5,Grocery,2023-04-30,20578.373171464293,0
Store_5,Grocery,2023-05-07,25896.48592031913,0
Store_5,Grocery,2023-05-14,20337.592407050546,0
Store_5,Electronics,2023-01-01,30303.739624409936,0
Store_5,Electronics,2023-01-08,28776.70421221602,0
Store_5,Electronics,2023-01-15,18755.179257604632,0
Store_5,Electronics,2023-01-22,24857.854754771775,0
Store_5,Electronics,2023-01-29,23226.879747925737,0
Store_5,Electronics,2023-02-05,26843.157787661745,0
Store_5,Electronics,2023-02-12,15175.382697099478,0
Store_5,Electronics,2023-02-19,23430.257299992198,0
Store_5,Electronics,2023-02-26,25292.12243424794,0
Store_5,Electronics,2023-03-05,11206.302567884428,0
Store_5,Electronics,2023-03-12,14083.707436671124,0
Store_5,Electronics,2023-03-19,9803.839111199497,0
Store_5,Electronics,2023-03-26,18652.96582777721,0
Store_5,Electronics,2023-04-02,23587.711278979812,0
Store_5,Electronics,2023-04-09,27511.78526048014,0
Store_5,Electronics,2023-04-16,20370.473902098875,0
Store_5,Electronics,2023-04-23,28143.07772785646,0
Store_5,Electronics,2023-04-30,13099.492708925543,0
Store_5,Electronics,2023-05-07,11483.087803224227,0
Store_5,Electronics,2023-05-14,19722.261505516904,0
Store_5,Clothing,2023-01-01,21920.327244696535,0
Store_5,Clothing,2023-01-08,19836.526259529535,0
Store_5,Clothing,2023-01-15,9662.789499800618,0
Store_5,Clothing,2023-01-22,19554.39980243606,0
Store_5,Clothing,2023-01-29,13477.652497475734,0
Store_5,Clothing,2023-02-05,23348.362744150192,0
Store_5,Clothing,2023-02-12,21832.99123048424,0
Store_5,Clothing,2023-02-19,15300.601068363223,0
Store_5,Clothing,2023-02-26,17430.665413316532,0
Store_5,Clothing,2023-03-05,14703.932390555241,0
Store_5,Clothing,2023-03-12,19686.60451363414,0
Store_5,Clothing,2023-03-19,24775.71160250619,0
Store_5,Clothing,2023-03-26,15071.369768322282,0
Store_5,Clothing,2023-04-02,22520.23257758922,0
Store_5,Clothing,2023-04-09,17348.711908137797,0
Store_5,Clothing,2023-04-16,16035.635838688278,0
Store_5,Clothing,2023-04-23,19464.84820022721,0
Store_5,Clothing,2023-04-30,14823.788387903129,0
Store_5,Clothing,2023-05-07,17231.75347326409,0
Store_5,Clothing,2023-05-14,14010.610537055758,0
Store_5,Pharmacy,2023-01-01,29823.625664581945,0
Store_5,Pharmacy,2023-01-08,20176.317759858644,0
Store_5,Pharmacy,2023-01-15,16501.372460037073,0
Store_5,Pharmacy,2023-01-22,21069.899553671108,0
Store_5,Pharmacy,2023-01-29,19438.35975154585,0
Store_5,Pharmacy,2023-02-05,18895.152002333885,0
Store_5,Pharmacy,2023-02-12,23070.833500217126,0
Store_5,Pharmacy,2023-02-19,23787.538550236524,0
Store_5,Pharmacy,2023-02-26,17347.494261947362,0
Store_5,Pharmacy,2023-03-05,17120.9087967766,0
Store_5,Pharmacy,2023-03-12,18624.74151424178,0
Store_5,Pharmacy,2023-03-19,8490.394176322076,0
Store_5,Pharmacy,2023-03-26,12424.044689007238,0
Store_5,Pharmacy,2023-04-02,26834.371337222623,0
Store_5,Pharmacy,2023-04-09,28224.83856750642,0
Store_5,Pharmacy,2023-04-16,18754.81980221811,0
Store_5,Pharmacy,2023-04-23,22882.784815278832,0
Store_5,Pharmacy,2023-04-30,21556.25077271768,0
Store_5,Pharmacy,2023-05-07,35394.40404227619,0
Store_5,Pharmacy,2023-05-14,25597.874557172883,0
Store_5,Home & Kitchen,2023-01-01,19360.412042596166,0
Store_5,Home & Kitchen,2023-01-08,15222.297796997871,0
Store_5,Home & Kitchen,2023-01-15,11967.768398712138,0
Store_5,Home & Kitchen,2023-01-22,21017.318179336115,0
Store_5,Home & Kitchen,2023-01-29,16218.246273578483,0
Store_5,Home & Kitchen,2023-02-05,12888.731452011629,0
Store_5,Home & Kitchen,2023-02-12,16767.13557878737,0
Store_5,Home & Kitchen,2023-02-19,14592.259981928026,0
Store_5,Home & Kitchen,2023-02-26,28435.708175362823,0
Store_5,Home & Kitchen,2023-03-05,24408.198784747252,0
Store_5,Home & Kitchen,2023-03-12,19960.136793416914,0
Store_5,Home & Kitchen,2023-03-19,27399.72069445013,0
Store_5,Home & Kitchen,2023-03-26,20386.84153823809,0
Store_5,Home & Kitchen,2023-04-02,15693.578993358682,0
Store_5,Home & Kitchen,2023-04-09,27615.620386348288,0
Store_5,Home & Kitchen,2023-04-16,22694.550218423294,0
Store_5,Home & Kitchen,2023-04-23,14813.769228367717,0
Store_5,Home & Kitchen,2023-04-30,19048.30660958196,0
Store_5,Home & Kitchen,2023-05-07,15621.908733076214,0
Store_5,Home & Kitchen,2023-05-14,13086.00134517832,0
Store_6,Grocery,2023-01-01,24630.887737658206,0
Store_6,Grocery,2023-01-08,29547.083202350652,0
Store_6,Grocery,2023-01-15,13007.162130904293,0
Store_6,Grocery,2023-01-22,22814.846183452853,0
Store_6,Grocery,2023-01-29,16746.787154390866,0
Store_6,Grocery,2023-02-05,17564.37308117652,0
Store_6,Grocery,2023-02-12,17038.030378805655,0
Store_6,Grocery,2023-02-19,15680.04615160092,0
Store_6,Grocery,2023-02-26,20242.608139724136,0
Store_6,Grocery,2023-03-05,15845.249417944811,0
Store_6,Grocery,2023-03-12,21352.284128899195,0
Store_6,Grocery,2023-03-19,19748.809452754314,0
Store_6,Grocery,2023-03-26,18805.25976566795,0
Store_6,Grocery,2023-04-02,15462.18168979201,0
Store_6,Grocery,2023-04-09,17116.143347158337,0
Store_6,Grocery,2023-04-16,23776.95612912878,0
Store_6,Grocery,2023-04-23,22504.585938121905,0
Store_6,Grocery,2023-04-30,15112.223776007246,0
Store_6,Grocery,2023-05-07,20496.66152714613,0
Store_6,Grocery,2023-05-14,23756.935616858944,0
Store_6,Electronics,2023-01-01,11652.973594393141,0
Store_6,Electronics,2023-01-08,22716.800961899677,0
Store_6,Electronics,2023-01-15,16686.881205270765,0
Store_6,Electronics,2023-01-22,22852.993342965798,0
Store_6,Electronics,2023-01-29,16183.704217287415,0
Store_6,Electronics,2023-02-05,10975.589496677405,0
Store_6,Electronics,2023-02-12,11862.287810584186,0
Store_6,Electronics,2023-02-19,20240.42473330691,0
Store_6,Electronics,2023-02-26,21298.61250860741,0
Store_6,Electronics,2023-03-05,15478.416874477956,0
Store_6,Electronics,2023-03-12,23192.96229388687,0
Store_6,Electronics,2023-03-19,11692.399688655201,0
Store_6,Electronics,2023-03-26,19669.601006763416,0
Store_6,Electronics,2023-04-02,13944.919001187716,0
Store_6,Electronics,2023-04-09,16740.819460989205,0
Store_6,Electronics,2023-04-16,20236.99335658207,0
Store_6,Electronics,2023-04-23,15697.933173580237,0
Store_6,Electronics,2023-04-30,18077.222278850873,0
Store_6,Electronics,2023-05-07,25031.464046072204,0
Store_6,Electronics,2023-05-14,17115.540652384258,0
Store_6,Clothing,2023-01-01,24178.460560325708,0
Store_6,Clothing,2023-01-08,14351.46572671191,0
Store_6,Clothing,2023-01-15,22649.020889576415,0
Store_6,Clothing,2023-01-22,27207.843103289502,0
Store_6,Clothing,2023-01-29,7641.777499363554,0
Store_6,Clothing,2023-02-05,16015.523722647617,0
Store_6,Clothing,2023-02-12,22885.3606359027,0
Store_6,Clothing,2023-02-19,18984.773069785035,0
Store_6,Clothing,2023-02-26,21855.729366856543,0
Store_6,Clothing,2023-03-05,16980.074066420897,0
Store_6,Clothing,2023-03-12,20432.9489373645,0
Store_6,Clothing,2023-03-19,19221.613823039603,0
Store_6,Clothing,2023-03-26,25838.910308299037,0
Store_6,Clothing,2023-04-02,21272.104216506064,0
Store_6,Clothing,2023-04-09,21688.01331037601,0
Store_6,Clothing,2023-04-16,17940.615169387664,0
Store_6,Clothing,2023-04-23,17561.968879637534,0
Store_6,Clothing,2023-04-30,17837.209060901896,0
Store_6,Clothing,2023-05-07,21972.260711891486,0
Store_6,Clothing,2023-05-14,17895.077595898685,0
Store_6,Pharmacy,2023-01-01,21448.874284482066,0
Store_6,Pharmacy,2023-01-08,30377.003993227194,0
Store_6,Pharmacy,2023-01-15,24355.623517158463,0
Store_6,Pharmacy,2023-01-22,18369.882339160795,0
Store_6,Pharmacy,2023-01-29,26006.069610819723,0
Store_6,Pharmacy,2023-02-05,17959.623134892245,0
Store_6,Pharmacy,2023-02-12,9809.37732411073,0
Store_6,Pharmacy,2023-02-19,14959.56844541298,0
Store_6,Pharmacy,2023-02-26,10646.04039487072,0
Store_6,Pharmacy,2023-03-05,18242.432579793458,0
Store_6,Pharmacy,2023-03-12,20092.091895947757,0
Store_6,Pharmacy,2023-03-19,28382.186561376413,0
Store_6,Pharmacy,2023-03-26,21634.636868820813,0
Store_6,Pharmacy,2023-04-02,18904.49735595568,0
Store_6,Pharmacy,2023-04-09,24147.027905917446,0
Store_6,Pharmacy,2023-04-16,8944.323454960575,0
Store_6,Pharmacy,2023-04-23,21178.07279054283,0
Store_6,Pharmacy,2023-04-30,23854.325969434834,0
Store_6,Pharmacy,2023-05-07,12607.068771100792,0
Store_6,Pharmacy,2023-05-14,25718.770216034645,0
Store_6,Home & Kitchen,2023-01-01,21692.48203747207,0
Store_6,Home & Kitchen,2023-01-08,17923.560430495992,0
Store_6,Home & Kitchen,2023-01-15,23163.909330531424,0
Store_6,Home & Kitchen,2023-01-22,31353.46428902198,0
Store_6,Home & Kitchen,2023-01-29,20909.331275292476,0
Store_6,Home & Kitchen,2023-02-05,21241.10293150168,0
Store_6,Home & Kitchen,2023-02-12,17703.19550229878,0
Store_6,Home & Kitchen,2023-02-19,15750.778152676041,0
Store_6,Home & Kitchen,2023-02-26,24151.679082721228,0
Store_6,Home & Kitchen,2023-03-05,15719.580870455664,0
Store_6,Home & Kitchen,2023-03-12,20357.831186096962,0
Store_6,Home & Kitchen,2023-03-19,17611.712766174416,0
Store_6,Home & Kitchen,2023-03-26,22394.89912873196,0
Store_6,Home & Kitchen,2023-04-02,21668.31052643474,0
Store_6,Home & Kitchen,2023-04-09,25187.699721289497,0
Store_6,Home & Kitchen,2023-04-16,17449.918005726264,0
Store_6,Home & Kitchen,2023-04-23,18650.625323533142,0
Store_6,Home & Kitchen,2023-04-30,15106.181421088462,0
Store_6,Home & Kitchen,2023-05-07,17778.533699619442,0
Store_6,Home & Kitchen,2023-05-14,21886.50246522426,0
Store_7,Grocery,2023-01-01,23784.94308322676,0
Store_7,Grocery,2023-01-08,15389.173379111873,0
Store_7,Grocery,2023-01-15,24348.0296005283,0
Store_7,Grocery,2023-01-22,26778.189294024756,0
Store_7,Grocery,2023-01-29,22067.174516118503,0
Store_7,Grocery,2023-02-05,29383.979062790328,0
Store_7,Grocery,2023-02-12,16131.054004482135,0
Store_7,Grocery,2023-02-19,13776.726483442915,0
Store_7,Grocery,2023-02-26,11106.398755478607,0
Store_7,Grocery,2023-03-05,27480.221557445915,0
Store_7,Grocery,2023-03-12,23271.82828177029,0
Store_7,Grocery,2023-03-19,19722.076645447723,0
Store_7,Grocery,2023-03-26,21399.8431315991,0
Store_7,Grocery,2023-04-02,14372.554763508117,0
Store_7,Grocery,2023-04-09,32228.759898084132,0
Store_7,Grocery,2023-04-16,20646.105909876136,0
Store_7,Grocery,2023-04-23,20546.973973024466,0
Store_7,Grocery,2023-04-30,23628.833119493458,0
Store_7,Grocery,2023-05-07,22405.046158683566,0
Store_7,Grocery,2023-05-14,21119.42012139566,0
Store_7,Electronics,2023-01-01,16047.62772277344,0
Store_7,Electronics,2023-01-08,22357.34178567998,0
Store_7,Electronics,2023-01-15,29410.12248237517,0
Store_7,Electronics,2023-01-22,26727.10023077489,0
Store_7,Electronics,2023-01-29,27965.933133196984,0
Store_7,Electronics,2023-02-05,17443.921617844073,0
Store_7,Electronics,2023-02-12,15051.975898707096,0
Store_7,Electronics,2023-02-19,19371.06539950176,0
Store_7,Electronics,2023-02-26,20278.624561443474,0
Store_7,Electronics,2023-03-05,25470.95759235474,0
Store_7,Electronics,2023-03-12,11537.676851425904,0
Store_7,Electronics,2023-03-19,27647.751597303068,0
Store_7,Electronics,2023-03-26,19209.960507105054,0
Store_7,Electronics,2023-04-02,17865.5946502629,0
Store_7,Electronics,2023-04-09,14939.478123699162,0
Store_7,Electronics,2023-04-16,11725.716640671153,0
Store_7,Electronics,2023-04-23,24115.85291980957,0
Store_7,Electronics,2023-04-30,20366.58983594202,0
Store_7,Electronics,2023-05-07,13550.195501294731,0
Store_7,Electronics,2023-05-14,13524.60613968192,0
Store_7,Clothing,2023-01-01,18321.07650354936,0
Store_7,Clothing,2023-01-08,28345.107626446967,0
Store_7,Clothing,2023-01-15,18702.043243181975,0
Store_7,Clothing,2023-01-22,12484.285234409468,0
Store_7,Clothing,2023-01-29,18771.28467957028,0
Store_7,Clothing,2023-02-05,18636.38215126165,0
Store_7,Clothing,2023-02-12,6515.5667852921415,0
Store_7,Clothing,2023-02-19,19728.52566741094,0
Store_7,Clothing,2023-02-26,18845.32734895661,0
Store_7,Clothing,2023-03-05,23481.031824067093,0
Store_7,Clothing,2023-03-12,29244.780474726726,0
Store_7,Clothing,2023-03-19,25632.825147738786,0
Store_7,Clothing,2023-03-26,18655.556547225846,0
Store_7,Clothing,2023-04-02,14467.370456291648,0
Store_7,Clothing,2023-04-09,32866.7990162493,0
Store_7,Clothing,2023-04-16,20296.092170072443,0
Store_7,Clothing,2023-04-23,20069.64645956473,0
Store_7,Clothing,2023-04-30,19879.374564449983,0
Store_7,Clothing,2023-05-07,20990.423803839276,0
Store_7,Clothing,2023-05-14,19278.197940380287,0
Store_7,Pharmacy,2023-01-01,17131.68996559882,0
Store_7,Pharmacy,2023-01-08,17265.70529379804,0
Store_7,Pharmacy,2023-01-15,19836.23364892001,0
Store_7,Pharmacy,2023-01-22,17282.876144331174,0
Store_7,Pharmacy,2023-01-29,16435.77108661418,0
Store_7,Pharmacy,2023-02-05,20532.151138459485,0
Store_7,Pharmacy,2023-02-12,18725.113912895722,0
Store_7,Pharmacy,2023-02-19,27519.964942913444,0
Store_7,Pharmacy,2023-02-26,6745.150958034939,0
Store_7,Pharmacy,2023-03-05,25457.53425961231,0
Store_7,Pharmacy,2023-03-12,26230.425962488145,0
Store_7,Pharmacy,2023-03-19,9633.048837959253,0
Store_7,Pharmacy,2023-03-26,18286.562029598255,0
Store_7,Pharmacy,2023-04-02,18142.79567002104,0
Store_7,Pharmacy,2023-04-09,12962.441526410894,0
Store_7,Pharmacy,2023-04-16,16110.916562045622,0
Store_7,Pharmacy,2023-04-23,14447.120772670856,0
Store_7,Pharmacy,2023-04-30,28761.352217118114,0
Store_7,Pharmacy,2023-05-07,24678.391965737304,0
Store_7,Pharmacy,2023-05-14,26357.775474970793,0
Store_7,Home & Kitchen,2023-01-01,23608.360320216176,0
Store_7,Home & Kitchen,2023-01-08,14354.741143913854,0
Store_7,Home & Kitchen,2023-01-15,17377.39866860113,0
Store_7,Home & Kitchen,2023-01-22,22446.87280613959,0
Store_7,Home & Kitchen,2023-01-29,13889.360955540273,0
Store_7,Home & Kitchen,2023-02-05,23564.99215086194,0
Store_7,Home & Kitchen,2023-02-12,18798.373009209325,0
Store_7,Home & Kitchen,2023-02-19,18125.895962252012,0
Store_7,Home & Kitchen,2023-02-26,23554.79984101746,0
Store_7,Home & Kitchen,2023-03-05,22221.3165574302,0
Store_7,Home & Kitchen,2023-03-12,18195.1691709046,0
Store_7,Home & Kitchen,2023-03-19,25796.64901682124,0
Store_7,Home & Kitchen,2023-03-26,14594.683362000513,0
Store_7,Home & Kitchen,2023-04-02,23079.67803472132,0
Store_7,Home & Kitchen,2023-04-09,22965.50628984192,0
Store_7,Home & Kitchen,2023-04-16,18452.267803430048,0
Store_7,Home & Kitchen,2023-04-23,21630.66511121059,0
Store_7,Home & Kitchen,2023-04-30,13744.432118073484,0
Store_7,Home & Kitchen,2023-05-07,24620.135096034504,0
Store_7,Home & Kitchen,2023-05-14,19075.489317785054,0
Store_8,Grocery,2023-01-01,17386.3848974048,0
Store_8,Grocery,2023-01-08,25245.046129184448,0
Store_8,Grocery,2023-01-15,16478.281547286206,0
Store_8,Grocery,2023-01-22,12957.693518182201,0
Store_8,Grocery,2023-01-29,12216.854132380482,0
Store_8,Grocery,2023-02-05,23030.0497567282,0
Store_8,Grocery,2023-02-12,13597.853237518584,0
Store_8,Grocery,2023-02-19,28773.970909921823,0
Store_8,Grocery,2023-02-26,9590.35296058139,0
Store_8,Grocery,2023-03-05,28482.28184145019,0
Store_8,Grocery,2023-03-12,21055.087336013094,0
Store_8,Grocery,2023-03-19,19516.434440648038,0
Store_8,Grocery,2023-03-26,17275.40456595525,0
Store_8,Grocery,2023-04-02,21995.680571760353,0
Store_8,Grocery,2023-04-09,19811.826487875758,0
Store_8,Grocery,2023-04-16,25516.509410082606,0
Store_8,Grocery,2023-04-23,20571.138243310197,0
Store_8,Grocery,2023-04-30,20751.508807309387,0
Store_8,Grocery,2023-05-07,18181.93893893072,0
Store_8,Grocery,2023-05-14,19715.271881394663,0
Store_8,Electronics,2023-01-01,21539.008844460295,0
Store_8,Electronics,2023-01-08,11449.158036716872,0
Store_8,Electronics,2023-01-15,13259.072889471434,0
Store_8,Electronics,2023-01-22,23716.320470113576,0
Store_8,Electronics,2023-01-29,20854.32719063971,0
Store_8,Electronics,2023-02-05,19080.083318236604,0
Store_8,Electronics,2023-02-12,20092.169665326965,0
Store_8,Electronics,2023-02-19,21737.908526808355,0
Store_8,Electronics,2023-02-26,17301.201598453194,0
Store_8,Electronics,2023-03-05,16108.476372988436,0
Store_8,Electronics,2023-03-12,20979.226275488407,0
Store_8,Electronics,2023-03-19,15108.13611192484,0
Store_8,Electronics,2023-03-26,22041.26377857236,0
Store_8,Electronics,2023-04-02,11487.081978810798,0
Store_8,Electronics,2023-04-09,25145.778186628217,0
Store_8,Electronics,2023-04-16,22362.987412065217,0
Store_8,Electronics,2023-04-23,21280.14867156938,0
Store_8,Electronics,2023-04-30,24913.45491972757,0
Store_8,Electronics,2023-05-07,28327.372222312883,0
Store_8,Electronics,2023-05-14,25071.85032509065,0
Store_8,Clothing,2023-01-01,10795.628843341774,0
Store_8,Clothing,2023-01-08,13602.115166321491,0
Store_8,Clothing,2023-01-15,16875.907111521607,0
Store_8,Clothing,2023-01-22,20130.45525105417,0
Store_8,Clothing,2023-01-29,22588.295102345615,0
Store_8,Clothing,2023-02-05,16371.280934232673,0
Store_8,Clothing,2023-02-12,20933.833822385393,0
Store_8,Clothing,2023-02-19,16223.085338233388,0
Store_8,Clothing,2023-02-26,16942.41098504026,0
Store_8,Clothing,2023-03-05,12966.694515758889,0
Store_8,Clothing,2023-03-12,15383.833769445479,0
Store_8,Clothing,2023-03-19,13241.576971918332,0
Store_8,Clothing,2023-03-26,15120.633735113337,0
Store_8,Clothing,2023-04-02,25268.2089830392,0
Store_8,Clothing,2023-04-09,15253.005555840286,0
Store_8,Clothing,2023-04-16,33161.91032418695,0
Store_8,Clothing,2023-04-23,22466.589504404445,0
Store_8,Clothing,2023-04-30,20924.18061847437,0
Store_8,Clothing,2023-05-07,15708.211099093933,0
Store_8,Clothing,2023-05-14,23501.549397044957,0
Store_8,Pharmacy,2023-01-01,17121.81086881113,0
Store_8,Pharmacy,2023-01-08,20610.049073226808,0
Store_8,Pharmacy,2023-01-15,32800.42269134397,0
Store_8,Pharmacy,2023-01-22,19519.700501376752,0
Store_8,Pharmacy,2023-01-29,25746.36663142838,0
Store_8,Pharmacy,2023-02-05,16484.117874370564,0
Store_8,Pharmacy,2023-02-12,19825.057547515193,0
Store_8,Pharmacy,2023-02-19,28854.00317817755,0
Store_8,Pharmacy,2023-02-26,16865.164711061163,0
Store_8,Pharmacy,2023-03-05,29062.242789984644,0
Store_8,Pharmacy,2023-03-12,23538.759677277376,0
Store_8,Pharmacy,2023-03-19,17187.666120528662,0
Store_8,Pharmacy,2023-03-26,23162.038695277606,0
Store_8,Pharmacy,2023-04-02,24862.77224813365,0
Store_8,Pharmacy,2023-04-09,23109.04981108598,0
Store_8,Pharmacy,2023-04-16,12148.876400547717,0
Store_8,Pharmacy,2023-04-23,16364.314120875657,0
Store_8,Pharmacy,2023-04-30,18762.406822242476,0
Store_8,Pharmacy,2023-05-07,19627.832854499768,0
Store_8,Pharmacy,2023-05-14,23103.36048775339,0
Store_8,Home & Kitchen,2023-01-01,20888.50500466627,0
Store_8,Home & Kitchen,2023-01-08,13323.278206449493,0
Store_8,Home & Kitchen,2023-01-15,21900.989255029817,0
Store_8,Home & Kitchen,2023-01-22,23052.928726419115,0
Store_8,Home & Kitchen,2023-01-29,22798.9522396552,0
Store_8,Home & Kitchen,2023-02-05,25403.90362777311,0
Store_8,Home & Kitchen,2023-02-12,24169.61077274452,0
Store_8,Home & Kitchen,2023-02-19,22295.900396142184,0
Store_8,Home & Kitchen,2023-02-26,19649.171442706764,0
Store_8,Home & Kitchen,2023-03-05,11695.195332420042,0
Store_8,Home & Kitchen,2023-03-12,22148.09109566293,0
Store_8,Home & Kitchen,2023-03-19,21038.438435815555,0
Store_8,Home & Kitchen,2023-03-26,21357.894185976867,0
Store_8,Home & Kitchen,2023-04-02,13616.257120898452,0
Store_8,Home & Kitchen,2023-04-09,14594.717297958689,0
Store_8,Home & Kitchen,2023-04-16,25265.76426666452,0
Store_8,Home & Kitchen,2023-04-23,19802.224230716725,0
Store_8,Home & Kitchen,2023-04-30,23407.503486863123,0
Store_8,Home & Kitchen,2023-05-07,20141.591880652304,0
Store_8,Home & Kitchen,2023-05-14,20148.780697478727,0
Store_9,Grocery,2023-01-01,24691.419029879988,0
Store_9,Grocery,2023-01-08,17419.776358913132,0
Store_9,Grocery,2023-01-15,20480.603884704917,0
Store_9,Grocery,2023-01-22,17688.623556474788,0
Store_9,Grocery,2023-01-29,17827.51886283842,0
Store_9,Grocery,2023-02-05,18454.139382656802,0
Store_9,Grocery,2023-02-12,21110.668858168563,0
Store_9,Grocery,2023-02-19,17606.256891682613,0
Store_9,Grocery,2023-02-26,26278.780627867603,0
Store_9,Grocery,2023-03-05,15526.96348890248,0
Store_9,Grocery,2023-03-12,19065.641779193204,0
Store_9,Grocery,2023-03-19,17801.344708629127,0
Store_9,Grocery,2023-03-26,27234.889421768665,0
Store_9,Grocery,2023-04-02,20982.773882557874,0
Store_9,Grocery,2023-04-09,25159.222697343175,0
Store_9,Grocery,2023-04-16,12572.19813481514,0
Store_9,Grocery,2023-04-23,21335.251329346294,0
Store_9,Grocery,2023-04-30,24448.153978117185,0
Store_9,Grocery,2023-05-07,20411.419946377122,0
Store_9,Grocery,2023-05-14,25327.401875326756,0
Store_9,Electronics,2023-01-01,17413.55774949814,0
Store_9,Electronics,2023-01-08,27046.7372009279,0
Store_9,Electronics,2023-01-15,31494.49061809625,0
Store_9,Electronics,2023-01-22,18185.807197801703,0
Store_9,Electronics,2023-01-29,17772.48739299614,0
Store_9,Electronics,2023-02-05,27266.922385588507,0
Store_9,Electronics,2023-02-12,27897.860728653563,0
Store_9,Electronics,2023-02-19,17385.69986423366,0
Store_9,Electronics,2023-02-26,17899.065914520714,0
Store_9,Electronics,2023-03-05,18591.076955697463,0
Store_9,Electronics,2023-03-12,13277.747444828616,0
Store_9,Electronics,2023-03-19,15406.740267579009,0
Store_9,Electronics,2023-03-26,14979.296166239661,0
Store_9,Electronics,2023-04-02,16161.012174479358,0
Store_9,Electronics,2023-04-09,19826.575563066093,0
Store_9,Electronics,2023-04-16,21171.073662682604,0
Store_9,Electronics,2023-04-23,27752.502464070385,0
Store_9,Electronics,2023-04-30,15008.229796306045,0
Store_9,Electronics,2023-05-07,24921.611992382917,0
Store_9,Electronics,2023-05-14,18930.055778872455,0
Store_9,Clothing,2023-01-01,19752.681451737837,0
Store_9,Clothing,2023-01-08,23374.097460833018,0
Store_9,Clothing,2023-01-15,14386.389892188507,0
Store_9,Clothing,2023-01-22,21912.048730920254,0
Store_9,Clothing,2023-01-29,20832.26104106528,0
Store_9,Clothing,2023-02-05,22462.256320040746,0
Store_9,Clothing,2023-02-12,21445.843219539092,0
Store_9,Clothing,2023-02-19,32276.50069955447,0
Store_9,Clothing,2023-02-26,16811.30007874342,0
Store_9,Clothing,2023-03-05,17345.01522499091,0
Store_9,Clothing,2023-03-12,16884.297367876177,0
Store_9,Clothing,2023-03-19,17222.614404198728,0
Store_9,Clothing,2023-03-26,16813.064363467412,0
Store_9,Clothing,2023-04-02,25945.082655537757,0
Store_9,Clothing,2023-04-09,27102.521239949274,0
Store_9,Clothing,2023-04-16,17146.26853125262,0
Store_9,Clothing,2023-04-23,15838.222134478856,0
Store_9,Clothing,2023-04-30,22357.07778193202,0
Store_9,Clothing,2023-05-07,17238.884778595144,0
Store_9,Clothing,2023-05-14,23164.659088777553,0
Store_9,Pharmacy,2023-01-01,21014.6151042565,0
Store_9,Pharmacy,2023-01-08,12421.27942501384,0
Store_9,Pharmacy,2023-01-15,27737.526006650307,0
Store_9,Pharmacy,2023-01-22,28979.388365477607,0
Store_9,Pharmacy,2023-01-29,16936.056547578068,0
Store_9,Pharmacy,2023-02-05,18061.49220032008,0
Store_9,Pharmacy,2023-02-12,21429.326953624524,0
Store_9,Pharmacy,2023-02-19,21672.283949935125,0
Store_9,Pharmacy,2023-02-26,23292.72136336415,0
Store_9,Pharmacy,2023-03-05,30051.02269383175,0
Store_9,Pharmacy,2023-03-12,19115.26386252975,0
Store_9,Pharmacy,2023-03-19,16008.513777307731,0
Store_9,Pharmacy,2023-03-26,13103.403859927363,0
Store_9,Pharmacy,2023-04-02,16345.349800290405,0
Store_9,Pharmacy,2023-04-09,19834.365135631015,0
Store_9,Pharmacy,2023-04-16,28972.78931758894,0
Store_9,Pharmacy,2023-04-23,17411.943504819144,0
Store_9,Pharmacy,2023-04-30,21118.939758194494,0
Store_9,Pharmacy,2023-05-07,19917.88551963624,0
Store_9,Pharmacy,2023-05-14,25941.96636724042,0
Store_9,Home & Kitchen,2023-01-01,32634.66212936811,0
Store_9,Home & Kitchen,2023-01-08,17345.656135398396,0
Store_9,Home & Kitchen,2023-01-15,17552.802787408888,0
Store_9,Home & Kitchen,2023-01-22,25220.80438534536,0
Store_9,Home & Kitchen,2023-01-29,23409.457448131558,0
Store_9,Home & Kitchen,2023-02-05,29233.536628680165,0
Store_9,Home & Kitchen,2023-02-12,22919.64092662982,0
Store_9,Home & Kitchen,2023-02-19,18203.5395460647,0
Store_9,Home & Kitchen,2023-02-26,22953.274153461545,0
Store_9,Home & Kitchen,2023-03-05,25543.517902914537,0
Store_9,Home & Kitchen,2023-03-12,24102.41090598682,0
Store_9,Home & Kitchen,2023-03-19,22536.37015553649,0
Store_9,Home & Kitchen,2023-03-26,25333.37344794577,0
Store_9,Home & Kitchen,2023-04-02,25846.477952228364,0
Store_9,Home & Kitchen,2023-04-09,26910.794955187637,0
Store_9,Home & Kitchen,2023-04-16,23243.54943794821,0
Store_9,Home & Kitchen,2023-04-23,19164.40959841573,0
Store_9,Home & Kitchen,2023-04-30,20733.568432166616,0
Store_9,Home & Kitchen,2023-05-07,26032.544832541782,0
Store_9,Home & Kitchen,2023-05-14,15915.32164506382,0
Store_10,Grocery,2023-01-01,21843.366544364508,0
Store_10,Grocery,2023-01-08,18033.305938363195,0
Store_10,Grocery,2023-01-15,20143.72411467409,0
Store_10,Grocery,2023-01-22,26392.259313036495,0
Store_10,Grocery,2023-01-29,20955.49534009952,0
Store_10,Grocery,2023-02-05,20232.182740780743,0
Store_10,Grocery,2023-02-12,13200.719295100404,0
Store_10,Grocery,2023-02-19,23731.267830136105,0
Store_10,Grocery,2023-02-26,23227.420905705378,0
Store_10,Grocery,2023-03-05,30816.2736165273,0
Store_10,Grocery,2023-03-12,18461.108825234995,0
Store_10,Grocery,2023-03-19,21095.751638319696,0
Store_10,Grocery,2023-03-26,21246.918418553778,0
Store_10,Grocery,2023-04-02,27887.266398817374,0
Store_10,Grocery,2023-04-09,19523.52233806524,0
Store_10,Grocery,2023-04-16,21395.107628851696,0
Store_10,Grocery,2023-04-23,23039.482548582695,0
Store_10,Grocery,2023-04-30,20933.04561578179,0
Store_10,Grocery,2023-05-07,17767.83192724736,0
Store_10,Grocery,2023-05-14,20970.449964491538,0
Store_10,Electronics,2023-01-01,25368.158749298862,0
Store_10,Electronics,2023-01-08,14867.423502944699,0
Store_10,Electronics,2023-01-15,20664.84837073438,0
Store_10,Electronics,2023-01-22,16499.395925304132,0
Store_10,Electronics,2023-01-29,25975.233144624213,0
Store_10,Electronics,2023-02-05,12384.065476081127,0
Store_10,Electronics,2023-02-12,17205.39076364206,0
Store_10,Electronics,2023-02-19,21886.059375322606,0
Store_10,Electronics,2023-02-26,27827.620146171703,0
Store_10,Electronics,2023-03-05,19671.248694635062,0
Store_10,Electronics,2023-03-12,17224.00236653401,0
Store_10,Electronics,2023-03-19,29405.785347202953,0
Store_10,Electronics,2023-03-26,12759.93049791878,0
Store_10,Electronics,2023-04-02,9005.97021689959,0
Store_10,Electronics,2023-04-09,22200.07225026666,0
Store_10,Electronics,2023-04-16,17489.728878236943,0
Store_10,Electronics,2023-04-23,14893.835914346433,0
Store_10,Electronics,2023-04-30,23541.782236496765,0
Store_10,Electronics,2023-05-07,21219.003568855995,0
Store_10,Electronics,2023-05-14,17179.606846316357,0
Store_10,Clothing,2023-01-01,13598.478006645528,0
Store_10,Clothing,2023-01-08,24362.286641400722,0
Store_10,Clothing,2023-01-15,23251.005889793305,0
Store_10,Clothing,2023-01-22,19504.120681103086,0
Store_10,Clothing,2023-01-29,29233.18498023833,0
Store_10,Clothing,2023-02-05,14649.576168369236,0
Store_10,Clothing,2023-02-12,12372.374145376307,0
Store_10,Clothing,2023-02-19,16540.459650593777,0
Store_10,Clothing,2023-02-26,19772.06991822251,0
Store_10,Clothing,2023-03-05,21216.697246613458,0
Store_10,Clothing,2023-03-12,18793.81971071835,0
Store_10,Clothing,2023-03-19,21760.276982571486,0
Store_10,Clothing,2023-03-26,13742.30287904778,0
Store_10,Clothing,2023-04-02,27218.823020366297,0
Store_10,Clothing,2023-04-09,19589.244108037157,0
Store_10,Clothing,2023-04-16,25586.479157940637,0
Store_10,Clothing,2023-04-23,21713.626731888522,0
Store_10,Clothing,2023-04-30,22283.76609576892,0
Store_10,Clothing,2023-05-07,22848.83640116102,0
Store_10,Clothing,2023-05-14,22238.542800086576,0
Store_10,Pharmacy,2023-01-01,23213.61379933772,0
Store_10,Pharmacy,2023-01-08,26645.762650662156,0
Store_10,Pharmacy,2023-01-15,20982.60584850735,0
Store_10,Pharmacy,2023-01-22,23545.01878794256,0
Store_10,Pharmacy,2023-01-29,19551.321528563865,0
Store_10,Pharmacy,2023-02-05,27200.586077247364,0
Store_10,Pharmacy,2023-02-12,16618.038489703653,0
Store_10,Pharmacy,2023-02-19,29004.70216455408,0
Store_10,Pharmacy,2023-02-26,19799.210246778282,0
Store_10,Pharmacy,2023-03-05,12846.124489409758,0
Store_10,Pharmacy,2023-03-12,20640.52207455395,0
Store_10,Pharmacy,2023-03-19,16594.741712625597,0
Store_10,Pharmacy,2023-03-26,24203.21774494362,0
Store_10,Pharmacy,2023-04-02,16736.880103488045,0
Store_10,Pharmacy,2023-04-09,17769.082833926102,0
Store_10,Pharmacy,2023-04-16,10552.296345272345,0
Store_10,Pharmacy,2023-04-23,17738.468403754618,0
Store_10,Pharmacy,2023-04-30,7880.603366855217,0
Store_10,Pharmacy,2023-05-07,12080.485882571384,0
Store_10,Pharmacy,2023-05-14,23802.073280721488,0
Store_10,Home & Kitchen,2023-01-01,23929.000793254163,0
Store_10,Home & Kitchen,2023-01-08,22127.287808924822,0
Store_10,Home & Kitchen,2023-01-15,15165.119284353936,0
Store_10,Home & Kitchen,2023-01-22,19761.4432192901,0
Store_10,Home & Kitchen,2023-01-29,19981.987304547158,0
Store_10,Home & Kitchen,2023-02-05,14208.176554037287,0
Store_10,Home & Kitchen,2023-02-12,27516.991508835752,0
Store_10,Home & Kitchen,2023-02-19,24386.811452878355,0
Store_10,Home & Kitchen,2023-02-26,18895.17913085168,0
Store_10,Home & Kitchen,2023-03-05,20134.429194972654,0
Store_10,Home & Kitchen,2023-03-12,21041.914039737763,0
Store_10,Home & Kitchen,2023-03-19,9791.325657878548,0
Store_10,Home & Kitchen,2023-03-26,18764.113087397014,0
Store_10,Home & Kitchen,2023-04-02,16590.078760011005,0
Store_10,Home & Kitchen,2023-04-09,14991.899950525421,0
Store_10,Home & Kitchen,2023-04-16,18594.498535570227,0
Store_10,Home & Kitchen,2023-04-23,28988.432634247612,0
Store_10,Home & Kitchen,2023-04-30,23204.21430633505,0
Store_10,Home & Kitchen,2023-05-07,17144.105051086015,0
Store_10,Home & Kitchen,2023-05-14,22862.913906780792,0
